record_id,x_post_id,tanggal_post,teks_post_dari_tabel_pengguna,url_post,kata_kunci_pencarian_di_tabel,nomor_baris_asal,jumlah_kemunculan_di_input,catatan_pengumpul_asli,target_topik_post,topik_turunan,indikator_kata_sentimen,label_sentimen_usulan,keyakinan_label,status_label,status_kualitas_sumber,data_pendukung_atau_pemeriksaan_klaim,sumber_pemeriksaan_fakta
GX2024-001,1739147121109180613,2023-12-25,"Tapi kalo caleg-caleg Nasdem, selalu pasang foto AMIN. Rame menurutku. Sama kayak PKS dan PKB. Beda jauh, caleg Demokrat, Golkar, atau PSI, nggak pasang capres cawapres mereka.",https://x.com/pikiranlugu/status/1739147121109180613,Golkar menurutku,41,2,Menilai cara kampanye beberapa partai; target campuran.,golkar_dan_partai_lain,kampanye_dan_caleg;pilpres_dan_koalisi,,netral,tinggi,Usulan awal AI; bukan label gold; wajib ditinjau manusia,belum_diverifikasi_terhadap_post_asli,,
GX2024-002,1745114452964614155,2024-01-11,Gw ngeliat kyknya golkar jarang banget kampanye capres cawapresnya di lapangan Di iklan pun cuma muncul di akhir doang,https://x.com/JCTS2023/status/1745114452964614155,,89 | 14,2,Pengamatan tentang kampanye Golkar; sikap penulis mungkin perlu tinjauan manual.,golkar_dan_partai_lain,kampanye_dan_caleg;pilpres_dan_koalisi,jarang banget,negatif,tinggi,Usulan awal AI; bukan label gold; wajib ditinjau manusia,belum_diverifikasi_terhadap_post_asli,,
GX2024-003,1745680567130357973,2024-01-12,Didaerah kalau Golkar jualan Gibran gak laku…,https://x.com/Sronojolo/status/1745680567130357973,,20,1,Opini tentang strategi kampanye Golkar; klaim elektoral belum diverifikasi.,golkar,pilpres_dan_koalisi,gak laku,negatif,sedang,Usulan awal AI; bukan label gold; wajib ditinjau manusia,cuplikan_tampak_terpotong_perlu_konteks,,
GX2024-004,1747419415136911363,2024-01-17,"Lihat baliho PAN, Golkar dan Demokrat sepanjang jalan aja ngga ada yg pasang foto Wowo .. Dukungannya terpaksa 😁",https://x.com/ibnoe45/status/1747419415136911363,,90,1,,golkar_dan_partai_lain,kampanye_dan_caleg,,perlu_konteks,rendah,Usulan awal AI; bukan label gold; wajib ditinjau manusia,belum_diverifikasi_terhadap_post_asli,,
GX2024-005,1748762421542678755,2024-01-21,Karena Airlangga ga jadi capres atau cawapres jadi bebas mau pilih siapa ga ada larangan.,https://x.com/wardarmawan/status/1748762421542678755,,91,1,,golkar_dan_tokoh/kader,pilpres_dan_koalisi;kepemimpinan_dan_kaderisasi,,netral,tinggi,Usulan awal AI; bukan label gold; wajib ditinjau manusia,belum_diverifikasi_terhadap_post_asli,,
GX2024-006,1749583337419940155,2024-01-23,"...yg mana basis Golkar cukup kuat, gak ada all out yg dukung PAGI & juga gak ada pasang foto PAGI di balihonya",https://x.com/diprastma/status/1749583337419940155,,92,1,,golkar,kampanye_dan_caleg,kuat,perlu_konteks,rendah,Usulan awal AI; bukan label gold; wajib ditinjau manusia,cuplikan_tampak_terpotong_perlu_konteks,,
GX2024-007,1752116482950275266,2024-01-30,PAN mending belajar ke Golkar dah cara bikin ads di tv yang bagus dan tidak cringe,https://x.com/menuding/status/1752116482950275266,,1,1,,golkar_dan_partai_lain,kampanye_dan_caleg,bagus; belajar ke golkar,positif,tinggi,Usulan awal AI; bukan label gold; wajib ditinjau manusia,belum_diverifikasi_terhadap_post_asli,,
GX2024-008,1752525903228523000,2024-01-31,"Golkar nda dapat apa2, padahal suaranya lebih tinggi",https://x.com/fairusizzudin/status/1752525903228523000,,19,1,Opini tentang strategi koalisi; klaim perbandingan suara perlu diperiksa.,golkar,hasil_suara_dan_kursi,,negatif,tinggi,Usulan awal AI; bukan label gold; wajib ditinjau manusia,belum_diverifikasi_terhadap_post_asli,,
GX2024-009,1753627795526463659,2024-02-03,"Sbg partai besar harusnya bisa ajukan capres, minimal cawapres dari kader sendiri",https://x.com/riza_ajir/status/1753627795526463659,,18,1,Menilai pilihan Golkar dalam pilpres.,golkar_dan_tokoh/kader,pilpres_dan_koalisi;kepemimpinan_dan_kaderisasi,,negatif,tinggi,Usulan awal AI; bukan label gold; wajib ditinjau manusia,belum_diverifikasi_terhadap_post_asli,,
GX2024-010,1755854346175250800,2024-02-09,"Golkar itu keren juga ya.. Walaupun seakan nda ada figur, tapi masih bisa bertengger di top 3",https://x.com/DianDrianto/status/1755854346175250800,,39,1,Penilaian atas daya saing elektoral Golkar.,golkar,lainnya_perlu_konteks,keren; top 3,positif,tinggi,Usulan awal AI; bukan label gold; wajib ditinjau manusia,belum_diverifikasi_terhadap_post_asli,,
GX2024-011,1756301751622447526,2024-02-10,"partai2 darah orba macam golkar, gerindra, nasdem itu bukan partai jiwa oposisi melainkan partai jiwa oportunis.",https://x.com/r3nhartono/status/1756301751622447526,,29,1,Menilai Golkar bersama partai lain.,golkar_dan_partai_lain,koalisi_dan_kabinet;sejarah_dan_ideologi,oportunis; orba,negatif,tinggi,Usulan awal AI; bukan label gold; wajib ditinjau manusia,belum_diverifikasi_terhadap_post_asli,,
GX2024-012,1756540971163197561,2024-02-11,Smlm di wilayah sy kader parpol yg ikut giat persiapan masa tenang cm Golkar n PSI.,https://x.com/Partono_ADjem/status/1756540971163197561,,93,1,,golkar_dan_partai_lain,kepemimpinan_dan_kaderisasi,,netral,tinggi,Usulan awal AI; bukan label gold; wajib ditinjau manusia,belum_diverifikasi_terhadap_post_asli,,
GX2024-013,1757703526619439498,2024-02-14,Harusnya golkar itu diboikot serius.,https://x.com/r3nhartono/status/1757703526619439498,,17,1,Sikap terhadap Golkar jelas.,golkar,lainnya_perlu_konteks,boikot,negatif,tinggi,Usulan awal AI; bukan label gold; wajib ditinjau manusia,belum_diverifikasi_terhadap_post_asli,,
GX2024-014,1757718544383606838,2024-02-14,Golkar dan PKS ini keren mesin partainya. gak terlihat tokohnya tapi grass root nya kerja keras 👏🏻,https://x.com/nanovond/status/1757718544383606838,,59 | 38,2,"Penilaian jelas terhadap mesin partai, tetapi mencakup PKS juga. | Menilai Golkar bersama PKS.",golkar_dan_partai_lain,lainnya_perlu_konteks,keren; mesin partainya; kerja keras,positif,tinggi,Usulan awal AI; bukan label gold; wajib ditinjau manusia,belum_diverifikasi_terhadap_post_asli,,
GX2024-015,1757720514855076211,2024-02-14,Golkar agak naik suaranya. Airlangga memang lumayan bagus sbg Menko. Ada aspek teknokratnya. Meski Menperin dari Golkar agak zonk.,https://x.com/Strategi_Bisnis/status/1757720514855076211,,3,2,Penilaian campuran terhadap hasil dan tokoh Golkar.,golkar_dan_tokoh/kader,hasil_suara_dan_kursi;kepemimpinan_dan_kaderisasi,bagus; zonk,campuran,sedang,Usulan awal AI; bukan label gold; wajib ditinjau manusia,belum_diverifikasi_terhadap_post_asli,Hasil final KPU 2024: Golkar memperoleh 23.208.488 suara sah DPR RI dan berada di urutan kedua nasional. Perbandingan dengan Pemilu 2019 perlu konteks periode dan sumber.,https://jdih.kpu.go.id/data/data_kepkpu/2024kpt1204.pdf
GX2024-016,1757720889582567682,2024-02-14,Golkar unggul di daerah-daerah. Kaderisasi nya cukup bagus…,https://x.com/zuhdirobbani/status/1757720889582567682,,2,1,,golkar_dan_tokoh/kader,kepemimpinan_dan_kaderisasi,bagus; unggul,positif,sedang,Usulan awal AI; bukan label gold; wajib ditinjau manusia,cuplikan_tampak_terpotong_perlu_konteks,Frasa “unggul di daerah-daerah” luas dan tidak terdefinisi. Rekap KPU menunjukkan Golkar peringkat pertama berdasarkan suara di 14 dari 38 provinsi.,https://jdih.kpu.go.id/data/data_kepkpu/2024kpt1050_L2.pdf
GX2024-017,1757723620816871809,2024-02-14,"Sekarang Golkar ikut koalisi bukan sebagai leader, menyedihkan.",https://x.com/judginganalyst/status/1757723620816871809,,11,1,Penilaian atas posisi Golkar dalam Pemilu 2024.,golkar,pilpres_dan_koalisi,menyedihkan,negatif,tinggi,Usulan awal AI; bukan label gold; wajib ditinjau manusia,belum_diverifikasi_terhadap_post_asli,,
GX2024-018,1757726141232951498,2024-02-14,"Klo Golkar masih ngadalin tokoh sendiri2 narik suara agar lolos, sprti artis, politikus senior, anak politikus",https://x.com/cha_ylah/status/1757726141232951498,,62,1,Menilai cara Golkar meraih suara; post juga membandingkannya dengan PKS.,golkar,hasil_suara_dan_kursi,,negatif,tinggi,Usulan awal AI; bukan label gold; wajib ditinjau manusia,belum_diverifikasi_terhadap_post_asli,,
GX2024-019,1757736060577292351,2024-02-14,Alsan Golkar masih konsisten peroleh suara karena biasanya caleg2 yg direkrut itu org2 atau kader yg emg punya nama di daerah2...,https://x.com/YungKenReds/status/1757736060577292351,,42 | 23,2,Pendapat tentang strategi caleg dan suara Golkar. | Analisis penulis tentang perolehan suara Golkar.,golkar_dan_tokoh/kader,hasil_suara_dan_kursi;kampanye_dan_caleg;kepemimpinan_dan_kaderisasi,,positif,sedang,Usulan awal AI; bukan label gold; wajib ditinjau manusia,cuplikan_tampak_terpotong_perlu_konteks,,
GX2024-020,1757783232136012237,2024-02-14,Lalu ada seorang Caleg kaya dr Golkar yg ga pernah merespon apapun u/ masalah rakyat di dapilnya…,https://x.com/abumufakhir/status/1757783232136012237,,4,1,,golkar_dan_tokoh/kader,hasil_suara_dan_kursi;kampanye_dan_caleg,,negatif,sedang,Usulan awal AI; bukan label gold; wajib ditinjau manusia,cuplikan_tampak_terpotong_perlu_konteks,,
GX2024-021,1757803127393452272,2024-02-15,"Kalau melihat hitung cepat pileg DPR, sepertinya Golkar dan Nasdem memberikan penampilan mengejutkan dengan terlihat lebih kuat dari hasil survei selama ini.",https://x.com/revolutia/status/1757803127393452272,,58,1,Analisis hasil pileg; Golkar dinilai bersama NasDem.,golkar_dan_partai_lain,hasil_suara_dan_kursi,kuat,positif,tinggi,Usulan awal AI; bukan label gold; wajib ditinjau manusia,belum_diverifikasi_terhadap_post_asli,,
GX2024-022,1757940217565323482,2024-02-15,Mesin partai Gerindra mah ngga ada apa2nya dibanding PDI sama Golkar,https://x.com/dwikyrestu/status/1757940217565323482,,71,1,Perbandingan yang menilai mesin Golkar; bagian lain post membahas paslon. Tinjau target sentimen.,golkar_dan_partai_lain,lainnya_perlu_konteks,,positif,tinggi,Usulan awal AI; bukan label gold; wajib ditinjau manusia,belum_diverifikasi_terhadap_post_asli,,
GX2024-023,1757980923642155154,2024-02-15,"dan why sampe sekarang masih banyak yg dukung caleg golkar, padahal kek parasit",https://x.com/notastroboee/status/1757980923642155154,,46,1,Kritik langsung terhadap caleg Golkar.,golkar_dan_tokoh/kader,kampanye_dan_caleg,parasit,negatif,tinggi,Usulan awal AI; bukan label gold; wajib ditinjau manusia,belum_diverifikasi_terhadap_post_asli,,
GX2024-024,1757998727426625701,2024-02-15,"PG keren tahun ini , tinggal nanti lihat bagaimana strategi elektoral kursi parlemennya, yg sudah2 soal strategi ini Golkar paling bagus",https://x.com/giIangmahesa/status/1757998727426625701,,60 | 37,2,Bagian utama membahas Golkar dan kursi parlemen; bagian akhir post beralih ke Pilkada. | Menilai strategi perolehan kursi.,golkar,hasil_suara_dan_kursi,bagus; keren,positif,tinggi,Usulan awal AI; bukan label gold; wajib ditinjau manusia,belum_diverifikasi_terhadap_post_asli,,
GX2024-025,1758049235659075703,2024-02-15,Sementara Golkar justru bisa fokus ke masing2 Calegnya yg sekaligus diuntungkan oleh elektabilitas Capres Cawapres 02.,https://x.com/addtaufiq/status/1758049235659075703,,70,1,Dugaan penulis tentang strategi Golkar; juga menyebut pengaruh paslon.,golkar_dan_tokoh/kader,kampanye_dan_caleg;pilpres_dan_koalisi,,netral,tinggi,Usulan awal AI; bukan label gold; wajib ditinjau manusia,belum_diverifikasi_terhadap_post_asli,,
GX2024-026,1758061702619578497,2024-02-15,"Konstituen Golkar itu unik. Dari dulu modelan yg manut arahan partai, mau digiring ke capres mana.",https://x.com/RyaWiedy/status/1758061702619578497,,43,1,Menilai hubungan partai dan pemilihnya.,golkar_dan_pemilihnya,pilpres_dan_koalisi,,perlu_konteks,rendah,Usulan awal AI; bukan label gold; wajib ditinjau manusia,belum_diverifikasi_terhadap_post_asli,,
GX2024-027,1758097904840134984,2024-02-15,"Dari kadernya juga udah lebih baik dari partai-partai lain di dapil ku, kayaknya habis 98 mereka reformasi.",https://x.com/Ronsarteins/status/1758097904840134984,,44,1,Penilaian terhadap kader Golkar dalam percakapan soal Pileg.,golkar_dan_tokoh/kader,hasil_suara_dan_kursi;kepemimpinan_dan_kaderisasi;sejarah_dan_ideologi,lebih baik,positif,tinggi,Usulan awal AI; bukan label gold; wajib ditinjau manusia,belum_diverifikasi_terhadap_post_asli,,
GX2024-028,1758140511989461081,2024-02-15,Golkar tak akan pernah sanggup jadi oposisi krn mang terlahir sebagai partai ngintil penguasa maunya duit tak mau jamu pahit.,https://x.com/NurHida64682237/status/1758140511989461081,,45,1,Kritik langsung terhadap posisi politik Golkar.,golkar,koalisi_dan_kabinet,ngintil; duit; tak akan pernah,negatif,tinggi,Usulan awal AI; bukan label gold; wajib ditinjau manusia,belum_diverifikasi_terhadap_post_asli,,
GX2024-029,1758143956091896155,2024-02-15,"Nasdem, PKB, dan PPP mreka tak jauh beda dgn Golkar yg tak ngerti gimana jdi oposisi.",https://x.com/ArgaPradip75373/status/1758143956091896155,,28,1,Penilaian atas beberapa partai; sikap terhadap Golkar disebut jelas.,golkar_dan_partai_lain,koalisi_dan_kabinet,tak ngerti,negatif,tinggi,Usulan awal AI; bukan label gold; wajib ditinjau manusia,belum_diverifikasi_terhadap_post_asli,,
GX2024-030,1758307526213550417,2024-02-16,"Kenapa bawa PD, padahal pemilu kali juga ngak bagus Malah turun suaranya, kecuali suara naik baru ngaku hebat, jujur yg pileg Bagus itu, Golkar, PKB, PKS, Nasdem, yg lainnya turun itu indikator yg jelas.",https://x.com/mangkuto78/status/1758307526213550417,Golkar pileg bagus,13,2,"Menilai beberapa partai, termasuk Golkar.",golkar_dan_partai_lain,hasil_suara_dan_kursi,bagus; hebat,positif,tinggi,Usulan awal AI; bukan label gold; wajib ditinjau manusia,belum_diverifikasi_terhadap_post_asli,,
GX2024-031,1758431271175553306,2024-02-16,Selamat untuk teman2 di Golkar. Bisa nyalip Gerindra ini pasti kerja keras jaringan caleg2 dan grassroot.,https://x.com/muchlis_ar/status/1758431271175553306,,57,1,Menilai kerja Golkar dan hasil pileg secara langsung.,golkar_dan_partai_lain,kampanye_dan_caleg,selamat; kerja keras,positif,tinggi,Usulan awal AI; bukan label gold; wajib ditinjau manusia,belum_diverifikasi_terhadap_post_asli,,
GX2024-032,1758591583711338806,2024-02-17,"PDIP unggul tapi kalau dibandingkan 2019 Suara PDIP yg mencapai 19,33℅ turun lebih kuran 3℅ dibandingkan skrng. Justru Golkar yg suaranya naik, kemungkin kursi golkar di senayan bisa lebih besar dri PDIP.",https://x.com/caponkbiru/status/1758591583711338806,,,1,Pembanding netral tentang hasil Golkar; angka belum diverifikasi.,golkar_dan_partai_lain,hasil_suara_dan_kursi,unggul,positif,tinggi,Usulan awal AI; bukan label gold; wajib ditinjau manusia,belum_diverifikasi_terhadap_post_asli,"KPU final 2024: PDIP 25.384.673 suara (16,72%); Golkar 23.208.488 suara (15,29%). Keduanya menunjukkan suara nasional PDIP lebih tinggi daripada Golkar.",https://jdih.kpu.go.id/data/data_kepkpu/2024kpt1204.pdf
GX2024-033,1758652457440424366,2024-02-17,"Tiga partai besar dari masa lalu : PDIP, Golkar, dan PPP ini punya struktur organisasi dan pengkaderan yg sudah matang.",https://x.com/kkmanti/status/1758652457440424366,,67,1,"Menilai organisasi Golkar, tetapi bersama dua partai lain.",golkar_dan_partai_lain,kepemimpinan_dan_kaderisasi,,positif,tinggi,Usulan awal AI; bukan label gold; wajib ditinjau manusia,belum_diverifikasi_terhadap_post_asli,,
GX2024-034,1758723290959577377,2024-02-17,No. Prabowo bukan Ganjar. Golkar bs naik suaranya krn Prabowo Gibran. Jd harusnya mrk bs lebih tahu diri.,https://x.com/JokoHQ/status/1758723290959577377,,,1,Menilai Golkar secara langsung; alasannya adalah pendapat penulis.,golkar,hasil_suara_dan_kursi;pilpres_dan_koalisi,tahu diri,negatif,tinggi,Usulan awal AI; bukan label gold; wajib ditinjau manusia,belum_diverifikasi_terhadap_post_asli,,
GX2024-035,1758753162675236866,2024-02-17,"Golkar naik karena tahun ini partai pecahannya, berkarya ga lolos jadi peserta pemilu",https://x.com/okiazr/status/1758753162675236866,,63,1,"Penjelasan penulis tentang kenaikan suara 2024; dugaan, bukan fakta yang sudah saya verifikasi.",golkar,hasil_suara_dan_kursi,,netral,tinggi,Usulan awal AI; bukan label gold; wajib ditinjau manusia,belum_diverifikasi_terhadap_post_asli,,
GX2024-036,1759093160565977399,2024-02-18,Tinggal Golkar sama PKS doang yg image nya masih bagus.,https://x.com/taniaviandra/status/1759093160565977399,,51,1,Penilaian terhadap dua partai; target campuran.,golkar_dan_partai_lain,lainnya_perlu_konteks,bagus,positif,tinggi,Usulan awal AI; bukan label gold; wajib ditinjau manusia,belum_diverifikasi_terhadap_post_asli,,
GX2024-037,1759184022738293197,2024-02-18,golkar (partai yang akar rumputnya gak terlalu kuat),https://x.com/ItzKinan/status/1759184022738293197,,64,1,Penilaian langsung atas kekuatan akar rumput Golkar dalam pembahasan strategi pemilu.,golkar,kampanye_dan_caleg,kuat,negatif,tinggi,Usulan awal AI; bukan label gold; wajib ditinjau manusia,belum_diverifikasi_terhadap_post_asli,,
GX2024-038,1759379066359267750,2024-02-19,Sebenarnya Golkar yang sekarang harus diapresiasi karena kadernya di pemerintahan bekerja dengan baik,https://x.com/HardanHari/status/1759379066359267750,,65,1,Penilaian langsung; post mengaitkannya dengan kenaikan suara Golkar.,golkar_dan_tokoh/kader,kepemimpinan_dan_kaderisasi,apresiasi,positif,tinggi,Usulan awal AI; bukan label gold; wajib ditinjau manusia,belum_diverifikasi_terhadap_post_asli,,
GX2024-039,1759415467155063101,2024-02-19,reformasi yg berdarah-darah tapi hasilnya kekuatan orde baru sekarang malah makin kuat salah satunya partai golkar tiap pemilu makin besar suaranya,https://x.com/noeaingid/status/1759415467155063101,,68,1,Mengaitkan kenaikan suara Golkar dengan penilaian tentang Orde Baru; perlu dipastikan apakah sesuai sasaran anotasi.,golkar,hasil_suara_dan_kursi;sejarah_dan_ideologi,kuat,negatif,tinggi,Usulan awal AI; bukan label gold; wajib ditinjau manusia,belum_diverifikasi_terhadap_post_asli,,
GX2024-040,1759780377689014630,2024-02-20,"Secara nasional, pemenang pileg 2024 jika menggunakan sistem distrik ialah..............Golkar 😂",https://x.com/ekky1995/status/1759780377689014630,,52,1,"Analisis bersyarat tentang hasil Pileg, bukan hasil resmi.",golkar,hasil_suara_dan_kursi,pemenang; menang,perlu_konteks,rendah,Usulan awal AI; bukan label gold; wajib ditinjau manusia,cuplikan_tampak_terpotong_perlu_konteks,,
GX2024-041,1759819033007083911,2024-02-20,Ternyata di provinsi saya yg sedang unggul adalah Golkar diikuti dgn PKB dan PDI-P,https://x.com/vilcinsky/status/1759819033007083911,,53,1,Pengamatan hasil sementara; opini terhadap Golkar tidak jelas. Tinjau manual.,golkar_dan_partai_lain,hasil_suara_dan_kursi,unggul,netral,tinggi,Usulan awal AI; bukan label gold; wajib ditinjau manusia,belum_diverifikasi_terhadap_post_asli,,
GX2024-042,1760524073409646959,2024-02-22,kami jg mau ingatkan pd Golkar agar tetap konsisten jika Angket terpenuhi…,https://x.com/carlitovito180/status/1760524073409646959,,30,1,Sikap atas posisi Golkar dalam tindak lanjut pemilu; perlu tinjauan manual apakah cukup untuk analisis sentimen.,golkar,lainnya_perlu_konteks,,perlu_konteks,rendah,Usulan awal AI; bukan label gold; wajib ditinjau manusia,cuplikan_tampak_terpotong_perlu_konteks,,
GX2024-043,1760617195040850214,2024-02-22,"Gen X malah terbanyak pilih Golkar. Si Paling Reformasi, pilih Goltai ini gimana cobaaaaa??!",https://x.com/kopididid/status/1760617195040850214,,34,1,Klaim tentang pemilih perlu diperiksa.,golkar,sejarah_dan_ideologi,,negatif,tinggi,Usulan awal AI; bukan label gold; wajib ditinjau manusia,belum_diverifikasi_terhadap_post_asli,,
GX2024-044,1760878387336458700,2024-02-23,Ke salahan terbesar waktu reformasi membolehkan Golkar kembali menjadi partai pengikut pemilu,https://x.com/manukahoneyland/status/1760878387336458700,,72,1,"Sikap langsung terhadap Golkar, tetapi memakai konteks sejarah. Tinjau kesesuaian dengan Pemilu 2024.",golkar,hasil_suara_dan_kursi;sejarah_dan_ideologi,,negatif,tinggi,Usulan awal AI; bukan label gold; wajib ditinjau manusia,belum_diverifikasi_terhadap_post_asli,,
GX2024-045,1761307525419266521,2024-02-24,"Ibarat kapal, mesin partai (Caleg) seperti Golkar, PDIP kualitasnya level Messi-Ronaldo.",https://x.com/andikkurniawan/status/1761307525419266521,,69 | 48,2,Menilai kekuatan caleg Golkar bersama PDIP. | Penilaian gabungan terhadap Golkar dan PDIP; target campuran.,golkar_dan_partai_lain,kampanye_dan_caleg,,positif,tinggi,Usulan awal AI; bukan label gold; wajib ditinjau manusia,belum_diverifikasi_terhadap_post_asli,,
GX2024-046,1761555016811499812,2024-02-25,"Keknya abis ini nanti ada keributan dimana bisa aja Golkar dapet lebih banyak kursi, karena suara pemilihnya lebih seimbang di berbagai daerah.",https://x.com/LyliDeer183/status/1761555016811499812,,77 | 25,2,"Prediksi penulis tentang kursi Golkar, bukan hasil resmi. | Perkiraan kursi, belum hasil resmi.",golkar_dan_pemilihnya,hasil_suara_dan_kursi,,netral,tinggi,Usulan awal AI; bukan label gold; wajib ditinjau manusia,belum_diverifikasi_terhadap_post_asli,,
GX2024-047,1761556878436585932,2024-02-25,"Suara golkar paling tinggi, pasti maunya dapat kue yg banyak nih",https://x.com/x6a283/status/1761556878436585932,,76,1,Penilaian singkat yang bernada kiasan. Tinjau makna dan konteksnya.,golkar,hasil_suara_dan_kursi,,perlu_konteks,rendah,Usulan awal AI; bukan label gold; wajib ditinjau manusia,belum_diverifikasi_terhadap_post_asli,,
GX2024-048,1761908402916319725,2024-02-26,Setuju pidanakan dan diskualifikasi saja caleg yg curang bgini.,https://x.com/dwioktariyadi/status/1761908402916319725,,5,1,"Klaim tentang caleg perlu diperiksa, bukan dianggap fakta.",golkar_dan_tokoh/kader,kampanye_dan_caleg,curang,perlu_konteks,rendah,Usulan awal AI; bukan label gold; wajib ditinjau manusia,belum_diverifikasi_terhadap_post_asli,,
GX2024-049,1761933632388968759,2024-02-26,PKS gak ada niatan buat rekrut abdur jadi kader apa? Harusnya pks belajar dri Golkar yang bermain dg kader kader dg nama top untuk bisa selalu mendongkrak suara partai. Dan juga jangan fokus di jawa sentris aja,https://x.com/lintang_emha/status/1761933632388968759,,,1,"Menilai strategi Golkar, tetapi fokus utamanya saran untuk PKS; perlu tinjauan.",golkar_dan_partai_lain,hasil_suara_dan_kursi;kepemimpinan_dan_kaderisasi,,positif,tinggi,Usulan awal AI; bukan label gold; wajib ditinjau manusia,belum_diverifikasi_terhadap_post_asli,,
GX2024-050,1761946653903511835,2024-02-26,Masuk akal Golkar namanya masih bagus di masyarakat pedesaan,https://x.com/HelmiFelis_/status/1761946653903511835,,54,1,"Menilai citra Golkar, tetapi post lengkap juga membandingkan partai lain.",golkar,lainnya_perlu_konteks,bagus,positif,tinggi,Usulan awal AI; bukan label gold; wajib ditinjau manusia,belum_diverifikasi_terhadap_post_asli,,
GX2024-051,1762285606787527163,2024-02-27,tapi sampai sekarang tiap pemilu tetap saja Golkar dan Gerindra dapat suara besar. Heran..,https://x.com/goraici/status/1762285606787527163,,55,1,Reaksi terhadap suara dua partai; klaim sejarah dalam post belum diperiksa. Tinjau manual.,golkar_dan_partai_lain,hasil_suara_dan_kursi,,perlu_konteks,rendah,Usulan awal AI; bukan label gold; wajib ditinjau manusia,belum_diverifikasi_terhadap_post_asli,,
GX2024-052,1762849260029239586,2024-02-28,Tertinggi suara itu blm tentu linier dg jumlah kursi. PDIP 16% dan Golkar 15% sangat mungkin kursi Golkar lbh banyak,https://x.com/EAAANNH/status/1762849260029239586,,78 | 27,2,"Analisis kemungkinan perolehan kursi; angka adalah klaim dalam post. | Perkiraan kursi, bukan hasil resmi.",golkar_dan_partai_lain,hasil_suara_dan_kursi,,netral,tinggi,Usulan awal AI; bukan label gold; wajib ditinjau manusia,belum_diverifikasi_terhadap_post_asli,"Persentase final KPU mendekati angka post: PDIP 16,72%, Golkar 15,29%. Kursi final: PDIP 110, Golkar 102, jadi kemungkinan Golkar mendapat kursi lebih banyak tidak terjadi.",https://jdih.kpu.go.id/data/data_kepkpu/2024kpt1204.pdf
GX2024-053,1763140474393763846,2024-02-29,Karena sebaran suara GOLKAR merata disemua provinsi sehingga kursi GOLKAR di Senayan semakin bertambah banyak.,https://x.com/fantacylov/status/1763140474393763846,,79 | 26,2,Pembanding informatif; klaim perolehan kursi perlu dicek. | Analisis suara; angka lain dalam post perlu diperiksa.,golkar,hasil_suara_dan_kursi,,netral,tinggi,Usulan awal AI; bukan label gold; wajib ditinjau manusia,belum_diverifikasi_terhadap_post_asli,"KPU mencatat Golkar mendapat 102 kursi DPR RI pada 2024. Klaim bahwa sebaran suara menyebabkan kenaikan kursi adalah penjelasan penulis, bukan kesimpulan yang dapat dibuktikan dari post ini.",https://jdih.kpu.go.id/data/data_kepkpu/2024kpt1050_L2.pdf
GX2024-054,1763174648278344173,2024-02-29,Golkar kan menghidupkan diktator itu lewat video AI ngajakin orang memilih secara demokratis.,https://x.com/mazzini_gsp/status/1763174648278344173,,56,1,Kritik terhadap materi kampanye Golkar; post lengkap mengutip berita.,golkar_dan_partai_lain,sejarah_dan_ideologi,diktator,negatif,tinggi,Usulan awal AI; bukan label gold; wajib ditinjau manusia,belum_diverifikasi_terhadap_post_asli,,
GX2024-055,1763432069127160139,2024-03-01,"PDIP menang cm dalam hal suara terbanyak. Tp soal jumlah kursi, Golkar lbh banyak. Pengen liat ketua DPR diambil Golkar.",https://x.com/JokoHQ/status/1763432069127160139,,75 | 6,2,Menyatakan harapan terkait hasil kursi Golkar. Angka kursinya tetap perlu diperiksa bila dipakai sebagai fakta. | Pernyataan jumlah kursi dalam post perlu diperiksa.,golkar_dan_partai_lain,hasil_suara_dan_kursi,menang,positif,tinggi,Usulan awal AI; bukan label gold; wajib ditinjau manusia,belum_diverifikasi_terhadap_post_asli,KPU final: PDIP memperoleh suara nasional terbanyak (25.384.673); jumlah kursi PDIP 110 dan Golkar 102. Bagian klaim Golkar memiliki kursi lebih banyak tidak sesuai hasil final.,https://jdih.kpu.go.id/data/data_kepkpu/2024kpt1204.pdf
GX2024-056,1763462667858260272,2024-03-01,Golkar banyak suara yang ghoib tiba tiba muncul,https://x.com/Mochfilia/status/1763462667858260272,,74,1,Penulis mengaku merujuk pleno; klaimnya belum diverifikasi. perlu_verifikasi.,golkar,hasil_suara_dan_kursi,,negatif,tinggi,Usulan awal AI; bukan label gold; wajib ditinjau manusia,tuduhan_perlu_verifikasi_independen,Tuduhan “suara ghaib” tidak dapat dibuktikan dari tabel hasil agregat; perlu sumber sengketa/putusan resmi terpisah.,
GX2024-057,1763474867431804983,2024-03-01,golkar sama psi sama2 banyak suara ghaib 😂,https://x.com/kochenglatte/status/1763474867431804983,,73,1,Tuduhan singkat tanpa penjelasan dalam teks. perlu_verifikasi.,golkar_dan_partai_lain,hasil_suara_dan_kursi,ghaib,negatif,tinggi,Usulan awal AI; bukan label gold; wajib ditinjau manusia,tuduhan_perlu_verifikasi_independen,Tuduhan “suara ghaib” tidak dapat dibuktikan dari tabel hasil agregat; perlu sumber sengketa/putusan resmi terpisah.,
GX2024-058,1764594034948137358,2024-03-04,Golkar selalu jadi target pengambilalihan politik karena suaranya besar dan karakternya pragmatis.,https://x.com/AidulFa/status/1764594034948137358,,47,1,Penilaian tentang suara dan karakter partai.,golkar,hasil_suara_dan_kursi,,campuran,sedang,Usulan awal AI; bukan label gold; wajib ditinjau manusia,belum_diverifikasi_terhadap_post_asli,,
GX2024-059,1765354020749885520,2024-03-06,Golkar Udah mengakar terlalu kuat di Sumatra…,https://x.com/erm_siangmalam/status/1765354020749885520,,24,1,Penilaian atas kekuatan elektoral Golkar.,golkar,lainnya_perlu_konteks,kuat,perlu_konteks,rendah,Usulan awal AI; bukan label gold; wajib ditinjau manusia,cuplikan_tampak_terpotong_perlu_konteks,,
GX2024-060,1765564108399910959,2024-03-07,"Untuk golkar, ... keren kalo untuk debat, maklum sih kader partai senior & py byk pengalaman",https://x.com/Rriskand/status/1765564108399910959,,36,1,Menilai kemampuan kader; konteks percakapannya perlu diperiksa.,golkar_dan_tokoh/kader,kepemimpinan_dan_kaderisasi,keren,positif,sedang,Usulan awal AI; bukan label gold; wajib ditinjau manusia,cuplikan_tampak_terpotong_perlu_konteks,,
GX2024-061,1765596830300241933,2024-03-07,Golkar Jawa Barat meraih 18 kursi DPR RI (naik 4 kursi). … Seems like our rides … paid off ya.,https://x.com/daraadindaaa/status/1765596830300241933,,81,1,Ada penilaian atas kerja kampanye; angka dan konteks penulis perlu ditinjau.,golkar,hasil_suara_dan_kursi,,positif,sedang,Usulan awal AI; bukan label gold; wajib ditinjau manusia,cuplikan_tampak_terpotong_perlu_konteks,KPU 1205/2024: penjumlahan kursi Golkar di 11 dapil Jawa Barat menghasilkan 17 kursi. Post menyebut 18; angka ini perlu dikoreksi/ditelusuri.,https://jdih.kpu.go.id/data/data_kepkpu/2024kpt1205.pdf
GX2024-062,1767490614109884482,2024-03-12,"Golkar udah mulai berani. Perolehan kursi terbanyak di DPR 2024, jadi nyenggol nyenggol dikit kebijakan Pakdhe yaa gapapa, hehe.",https://x.com/syaithannn/status/1767490614109884482,,80,1,Penilaian terhadap sikap Golkar; klaim kursi perlu dicek.,golkar,hasil_suara_dan_kursi,,perlu_konteks,rendah,Usulan awal AI; bukan label gold; wajib ditinjau manusia,belum_diverifikasi_terhadap_post_asli,"Klaim “kursi terbanyak” tidak sesuai hasil final DPR RI: PDIP 110 kursi, Golkar 102 kursi (KPU 1205/2024).",https://jdih.kpu.go.id/data/data_kepkpu/2024kpt1204.pdf
GX2024-063,1768595793127350371,2024-03-15,"golkar naik suaranya, internal golkar , itu krn usaha mereka...",https://x.com/bpsmgt/status/1768595793127350371,,94,1,,golkar,hasil_suara_dan_kursi,,positif,sedang,Usulan awal AI; bukan label gold; wajib ditinjau manusia,cuplikan_tampak_terpotong_perlu_konteks,,
GX2024-064,1768926366073061884,2024-03-16,"Keren sih, Partai Golkar Menang 15 dari 38 Provinsi",https://x.com/AchmadAnnama/status/1768926366073061884,,35,1,"Klaim hasil perlu diperiksa; akun tampak terkait partai, sehingga perlu dipisahkan dari opini publik independen.",golkar,hasil_suara_dan_kursi,keren; menang,positif,tinggi,Usulan awal AI; bukan label gold; wajib ditinjau manusia,belum_diverifikasi_terhadap_post_asli,"Dari agregasi suara DPR RI KPU 1050/2024, Golkar berada di peringkat suara pertama di 14 provinsi, bukan 15.",https://jdih.kpu.go.id/data/data_kepkpu/2024kpt1050_L2.pdf
GX2024-065,1769168983704645984,2024-03-17,Petinggi Partai Golkar hrs jujur akui bahwa mrk gagal melahirkan kader yg layak jadi capres/cawapres.,https://x.com/ZAMHARIBASYIR1/status/1769168983704645984,,88,1,"Kritik pada kaderisasi Golkar, disertai dukungan kepada figur calon; targetnya campuran.",golkar_dan_tokoh/kader,pilpres_dan_koalisi;kepemimpinan_dan_kaderisasi,gagal,negatif,tinggi,Usulan awal AI; bukan label gold; wajib ditinjau manusia,belum_diverifikasi_terhadap_post_asli,,
GX2024-066,1769237943426982075,2024-03-17,"Ringkasan: penulis menyebut pernah mengagumi Golkar, lalu mengkritik keputusan terkait pencalonan.",https://x.com/surabaya_s53211/status/1769237943426982075,,7,1,,golkar,lainnya_perlu_konteks,,perlu_konteks,rendah,Usulan awal AI; bukan label gold; wajib ditinjau manusia,ringkasan_pengumpul_bukan_teks_post,,
GX2024-067,1769466910624891275,2024-03-18,partai ini sdh mematok jatah Kursi Menteri. Golkar 5 Menteri…,https://x.com/NenkMonica/status/1769466910624891275,,15,1,Komentar atas pembagian kursi kabinet; targetnya campuran.,golkar,hasil_suara_dan_kursi;koalisi_dan_kabinet,,perlu_konteks,rendah,Usulan awal AI; bukan label gold; wajib ditinjau manusia,cuplikan_tampak_terpotong_perlu_konteks,,
GX2024-068,1769536484116242448,2024-03-18,"Udah biarin aja itu kan partai orba cocoklah masuk sana , rakyat aja yg bego masih aja pilih Golkar",https://x.com/Haka_rainen/status/1769536484116242448,,33,1,Opini langsung; bahasa kasar dipertahankan sesuai sumber.,golkar,sejarah_dan_ideologi,bego; orba,negatif,tinggi,Usulan awal AI; bukan label gold; wajib ditinjau manusia,belum_diverifikasi_terhadap_post_asli,,
GX2024-069,1769672072903672170,2024-03-18,"Elit2 Golkar itu pragmatis yg pnting dpt posisi basah plus cuan mengalir deras, begitulah falsafah berpolitiknya heu..heuu..heuu..",https://x.com/widi_kartika/status/1769672072903672170,,49,1,Kritik terhadap elite Golkar; post mengutip percakapan lain.,golkar,lainnya_perlu_konteks,,negatif,tinggi,Usulan awal AI; bukan label gold; wajib ditinjau manusia,belum_diverifikasi_terhadap_post_asli,,
GX2024-070,1769713496865030235,2024-03-18,Golkar minta 5 menteri wajar. Demokrat dan PAN 3-4-5 menteri jg wajar krn partai pengusung.,https://x.com/Adiprayitno_20/status/1769713496865030235,,86 | 66,2,"Sikap terhadap permintaan Golkar jelas, tetapi juga membahas partai lain. | Menilai tuntutan Golkar setelah Pilpres; turut membahas partai koalisi lain.",golkar_dan_partai_lain,koalisi_dan_kabinet,,positif,tinggi,Usulan awal AI; bukan label gold; wajib ditinjau manusia,belum_diverifikasi_terhadap_post_asli,,
GX2024-071,1771090145476841813,2024-03-22,Nasdem sma aja dng Golkar yg selalu ingin dpt jatah dlm Kabinet,https://x.com/lennilenni549/status/1771090145476841813,,8,1,,golkar_dan_partai_lain,koalisi_dan_kabinet,,negatif,tinggi,Usulan awal AI; bukan label gold; wajib ditinjau manusia,belum_diverifikasi_terhadap_post_asli,,
GX2024-072,1771391074252042694,2024-03-23,"Nah gitu donk, lom pelantikan udh ancang²... soal jatah menteri, golkar kudu lebih dari 5",https://x.com/toe_giman/status/1771391074252042694,,87,1,Nada mungkin menyindir; perlu tinjauan sebelum anotasi.,golkar,koalisi_dan_kabinet,,perlu_konteks,rendah,Usulan awal AI; bukan label gold; wajib ditinjau manusia,cuplikan_tampak_terpotong_perlu_konteks,,
GX2024-073,1771412430327017800,2024-03-23,lucu bgt golkar minta posisi kabinet setara perdana menteri lol mending lu bikin negara sendiri bray,https://x.com/bucketexca/status/1771412430327017800,,85,1,Opini langsung tentang Golkar; dasar klaim posisi kabinet perlu dicek.,golkar,koalisi_dan_kabinet,,negatif,tinggi,Usulan awal AI; bukan label gold; wajib ditinjau manusia,belum_diverifikasi_terhadap_post_asli,,
GX2024-074,1772237129260949975,2024-03-25,"Golkar kok diancam, mrk jg kuat, kaya, lebih pinter dan sekaligus licin.",https://x.com/havisman/status/1772237129260949975,,83,1,Penilaian campuran terhadap Golkar dalam pembicaraan koalisi.,golkar,lainnya_perlu_konteks,kuat; licin,campuran,sedang,Usulan awal AI; bukan label gold; wajib ditinjau manusia,belum_diverifikasi_terhadap_post_asli,,
GX2024-075,1772249913012965720,2024-03-25,Kemaren Golkar yg minta jatah Menteri sekarang Demokrat. Hayo siapa menyusul...?? Mau urusi negara atau mau rebutan kursi. Somplak...,https://x.com/HeryIdris5/status/1772249913012965720,,84 | 61 | 16,3,"Kritik menyasar beberapa partai; target sentimen perlu ditinjau. | Kritik atas sikap Golkar setelah Pemilu, bersama Demokrat. | Menilai perilaku Golkar dan Demokrat setelah pemungutan suara.",golkar_dan_partai_lain,hasil_suara_dan_kursi;koalisi_dan_kabinet,rebutan kursi,negatif,sedang,Usulan awal AI; bukan label gold; wajib ditinjau manusia,cuplikan_tampak_terpotong_perlu_konteks,,
GX2024-076,1773396636972257434,2024-03-29,Ringkasan: penulis mengkritik cara Golkar mengejar suara pileg; ada tuduhan yang belum diverifikasi.,https://x.com/Sudiadi_W/status/1773396636972257434,,9,1,,golkar,hasil_suara_dan_kursi,,perlu_konteks,rendah,Usulan awal AI; bukan label gold; wajib ditinjau manusia,ringkasan_pengumpul_bukan_teks_post,,
GX2024-077,1774292592446046252,2024-03-31,"Golkar besar krn serangan fajar, sudah pengalaman sejak orde baru",https://x.com/dilockelon/status/1774292592446046252,,50,1,Tuduhan penulis yang belum diverifikasi; jangan diperlakukan sebagai fakta.,golkar,sejarah_dan_ideologi,serangan fajar,negatif,tinggi,Usulan awal AI; bukan label gold; wajib ditinjau manusia,tuduhan_perlu_verifikasi_independen,Tuduhan serangan fajar tidak dapat dibuktikan dari tabel perolehan suara; perlu bukti dan putusan/temuan resmi terpisah.,
GX2024-078,1774779884038226364,2024-04-01,Ringkasan: penulis memuji perolehan kursi Golkar. Perlu dicatat terpisah dari opini pengguna independen karena kemungkinan keterkaitan dengan partai.,https://x.com/AchmadAnnama/status/1774779884038226364,,10,1,,golkar,hasil_suara_dan_kursi,,perlu_konteks,rendah,Usulan awal AI; bukan label gold; wajib ditinjau manusia,ringkasan_pengumpul_bukan_teks_post,,
GX2024-079,1776397862295027815,2024-04-06,partai Mas Bakhun ini yakni golkar gak ada protes ini itu trhdpa pemrntah,https://x.com/ahmad_ridho31/status/1776397862295027815,,82,1,"Kritik terhadap sikap Golkar; tulisan asli agak sulit dibaca, perlu tinjauan manual.",golkar,lainnya_perlu_konteks,,negatif,tinggi,Usulan awal AI; bukan label gold; wajib ditinjau manusia,belum_diverifikasi_terhadap_post_asli,,
GX2024-080,1777599589220061590,2024-04-09,"Hebat Golkar, jatidiri asli nya semasa ORBA kembali lagi. Bansos, BLT dan uang amplop serangan fajar…",https://x.com/ariefrasyad/status/1777599589220061590,,40,1,Bernada sindiran; tuduhan dalam post belum diverifikasi.,golkar,sejarah_dan_ideologi,hebat; serangan fajar; orba,campuran,sedang,Usulan awal AI; bukan label gold; wajib ditinjau manusia,cuplikan_tampak_terpotong_perlu_konteks,Post mengandung sindiran dan tuduhan terkait bansos/serangan fajar. Tuduhan itu tidak bisa diverifikasi dari tabel suara KPU saja.,
GX2024-081,1779467815055229013,2024-04-14,"Golkar itu partai yg pengalaman,bnyk juga kadernya yg memiliki kemampuan memimpin,pileg 2024 jg pemenang ke 2...",https://x.com/helmihakam7/status/1779467815055229013,,32,1,Penilaian partai dan hasil pileg; angka perlu diperiksa.,golkar_dan_tokoh/kader,hasil_suara_dan_kursi;kepemimpinan_dan_kaderisasi,pemenang; menang,positif,sedang,Usulan awal AI; bukan label gold; wajib ditinjau manusia,cuplikan_tampak_terpotong_perlu_konteks,"Jika “pemenang ke-2” berarti perolehan suara DPR RI nasional, sesuai: Golkar peringkat kedua dengan 23.208.488 suara. Untuk kursi juga kedua: 102, setelah PDIP 110.",https://jdih.kpu.go.id/data/data_kepkpu/2024kpt1204.pdf
GX2024-082,1779472192906129814,2024-04-14,seharusnya dari golkar dia yg maju di pilpres…,https://x.com/summeryellow10/status/1779472192906129814,,21,1,Kata “dia” memerlukan konteks utas; perlu verifikasi sebelum masuk data siap anotasi.,golkar,lainnya_perlu_konteks,,perlu_konteks,rendah,Usulan awal AI; bukan label gold; wajib ditinjau manusia,cuplikan_tampak_terpotong_perlu_konteks,,
GX2024-083,1782313485164265605,2024-04-22,The real winner pemilu 2024.,https://x.com/EEnesje23201/status/1782313485164265605,,12,1,Merujuk Golkar; alasan dan klaim sejarah dalam post perlu diperiksa.,golkar,hasil_suara_dan_kursi,,perlu_konteks,rendah,Usulan awal AI; bukan label gold; wajib ditinjau manusia,belum_diverifikasi_terhadap_post_asli,,
GX2024-084,1783460633062863267,2024-04-25,Di PilPres / pileg 2024 Golkar Sudah menunjukka Kelasnja sebagai Parpol Licin nan Licik.,https://x.com/Almudattsir/status/1783460633062863267,,31,1,Penilaian langsung terhadap Golkar.,golkar,hasil_suara_dan_kursi,licin; licik,negatif,tinggi,Usulan awal AI; bukan label gold; wajib ditinjau manusia,belum_diverifikasi_terhadap_post_asli,,
GX2024-085,1784403475688034352,2024-04-28,menurut sy yg pantas jd oposisi itu malah PDIP dan Golkar lho.,https://x.com/katasiapalo/status/1784403475688034352,,22,1,Penilaian atas peran Golkar setelah pemilu.,golkar_dan_partai_lain,koalisi_dan_kabinet,,netral,tinggi,Usulan awal AI; bukan label gold; wajib ditinjau manusia,belum_diverifikasi_terhadap_post_asli,,
