provinsi,total_suara_sah_partai_dpr_ri,partai_dengan_suara_terbanyak,suara_partai_terbanyak,persentase_suara_partai_terbanyak,peringkat_kedua,suara_partai_peringkat_kedua,selisih_suara_1_dan_2,persentase_dari_total_nasional,sumber_keputusan,url_sumber
Aceh,3047729,Partai Golongan Karya,594213,19.4969,Partai Kebangkitan Bangsa,587783,6430,2.0078,KPU 1050 Tahun 2024 Lampiran II,https://jdih.kpu.go.id/data/data_kepkpu/2024kpt1050_L2.pdf
Sumatera Utara,7408581,Partai Golongan Karya,1712074,23.1093,Partai Demokrasi Indonesia Perjuangan,1383049,329025,4.8807,KPU 1050 Tahun 2024 Lampiran II,https://jdih.kpu.go.id/data/data_kepkpu/2024kpt1050_L2.pdf
Sumatera Barat,2920240,Partai NasDem,475586,16.2859,Partai Gerakan Indonesia Raya,398477,77109,1.9238,KPU 1050 Tahun 2024 Lampiran II,https://jdih.kpu.go.id/data/data_kepkpu/2024kpt1050_L2.pdf
Riau,3392259,Partai Golongan Karya,770977,22.7275,Partai Demokrasi Indonesia Perjuangan,431177,339800,2.2348,KPU 1050 Tahun 2024 Lampiran II,https://jdih.kpu.go.id/data/data_kepkpu/2024kpt1050_L2.pdf
Jambi,1951724,Partai Golongan Karya,341039,17.4737,Partai Demokrasi Indonesia Perjuangan,318124,22915,1.2858,KPU 1050 Tahun 2024 Lampiran II,https://jdih.kpu.go.id/data/data_kepkpu/2024kpt1050_L2.pdf
Sumatera Selatan,4874788,Partai Golongan Karya,857642,17.5934,Partai NasDem,834680,22962,3.2115,KPU 1050 Tahun 2024 Lampiran II,https://jdih.kpu.go.id/data/data_kepkpu/2024kpt1050_L2.pdf
Bengkulu,1151620,Partai Golongan Karya,324563,28.1832,Partai Amanat Nasional,188346,136217,0.7587,KPU 1050 Tahun 2024 Lampiran II,https://jdih.kpu.go.id/data/data_kepkpu/2024kpt1050_L2.pdf
Lampung,4651843,Partai Gerakan Indonesia Raya,806836,17.3444,Partai Demokrasi Indonesia Perjuangan,724522,82314,3.0646,KPU 1050 Tahun 2024 Lampiran II,https://jdih.kpu.go.id/data/data_kepkpu/2024kpt1050_L2.pdf
Kepulauan Bangka Belitung,771812,Partai Gerakan Indonesia Raya,172949,22.4082,Partai Demokrasi Indonesia Perjuangan,168406,4543,0.5085,KPU 1050 Tahun 2024 Lampiran II,https://jdih.kpu.go.id/data/data_kepkpu/2024kpt1050_L2.pdf
Kepulauan Riau,1053995,Partai Golongan Karya,166147,15.7635,Partai Gerakan Indonesia Raya,164310,1837,0.6944,KPU 1050 Tahun 2024 Lampiran II,https://jdih.kpu.go.id/data/data_kepkpu/2024kpt1050_L2.pdf
DKI Jakarta,6643110,Partai Keadilan Sejahtera,1195699,17.9991,Partai Demokrasi Indonesia Perjuangan,1044203,151496,4.3764,KPU 1050 Tahun 2024 Lampiran II,https://jdih.kpu.go.id/data/data_kepkpu/2024kpt1050_L2.pdf
Jawa Barat,26291451,Partai Golongan Karya,4292082,16.325,Partai Gerakan Indonesia Raya,4197376,94706,17.3206,KPU 1050 Tahun 2024 Lampiran II,https://jdih.kpu.go.id/data/data_kepkpu/2024kpt1050_L2.pdf
Jawa Tengah,20944956,Partai Demokrasi Indonesia Perjuangan,5846493,27.9136,Partai Kebangkitan Bangsa,2672345,3174148,13.7983,KPU 1050 Tahun 2024 Lampiran II,https://jdih.kpu.go.id/data/data_kepkpu/2024kpt1050_L2.pdf
DI Yogyakarta,2294779,Partai Demokrasi Indonesia Perjuangan,593969,25.8835,Partai Golongan Karya,302845,291124,1.5118,KPU 1050 Tahun 2024 Lampiran II,https://jdih.kpu.go.id/data/data_kepkpu/2024kpt1050_L2.pdf
Jawa Timur,23543816,Partai Kebangkitan Bangsa,4155974,17.6521,Partai Demokrasi Indonesia Perjuangan,4061311,94663,15.5104,KPU 1050 Tahun 2024 Lampiran II,https://jdih.kpu.go.id/data/data_kepkpu/2024kpt1050_L2.pdf
Banten,6483737,Partai Golongan Karya,931287,14.3634,Partai Demokrasi Indonesia Perjuangan,818889,112398,4.2714,KPU 1050 Tahun 2024 Lampiran II,https://jdih.kpu.go.id/data/data_kepkpu/2024kpt1050_L2.pdf
Bali,2460686,Partai Demokrasi Indonesia Perjuangan,1290884,52.4603,Partai Golongan Karya,333521,957363,1.6211,KPU 1050 Tahun 2024 Lampiran II,https://jdih.kpu.go.id/data/data_kepkpu/2024kpt1050_L2.pdf
Nusa Tenggara Barat,3006171,Partai Gerakan Indonesia Raya,434155,14.4421,Partai Kebangkitan Bangsa,355767,78388,1.9804,KPU 1050 Tahun 2024 Lampiran II,https://jdih.kpu.go.id/data/data_kepkpu/2024kpt1050_L2.pdf
Nusa Tenggara Timur,2801119,Partai Demokrasi Indonesia Perjuangan,447442,15.9737,Partai Golongan Karya,378996,68446,1.8454,KPU 1050 Tahun 2024 Lampiran II,https://jdih.kpu.go.id/data/data_kepkpu/2024kpt1050_L2.pdf
Kalimantan Barat,3006307,Partai Demokrasi Indonesia Perjuangan,735610,24.4689,Partai NasDem,514489,221121,1.9805,KPU 1050 Tahun 2024 Lampiran II,https://jdih.kpu.go.id/data/data_kepkpu/2024kpt1050_L2.pdf
Kalimantan Tengah,1354625,Partai Demokrasi Indonesia Perjuangan,295749,21.8325,Partai Golongan Karya,193871,101878,0.8924,KPU 1050 Tahun 2024 Lampiran II,https://jdih.kpu.go.id/data/data_kepkpu/2024kpt1050_L2.pdf
Kalimantan Selatan,2229816,Partai Golongan Karya,501255,22.4797,Partai Amanat Nasional,372607,128648,1.469,KPU 1050 Tahun 2024 Lampiran II,https://jdih.kpu.go.id/data/data_kepkpu/2024kpt1050_L2.pdf
Kalimantan Timur,2014025,Partai Golongan Karya,538115,26.7184,Partai Gerakan Indonesia Raya,307260,230855,1.3268,KPU 1050 Tahun 2024 Lampiran II,https://jdih.kpu.go.id/data/data_kepkpu/2024kpt1050_L2.pdf
Kalimantan Utara,379458,Partai Gerakan Indonesia Raya,126507,33.3389,Partai Demokrasi Indonesia Perjuangan,75556,50951,0.25,KPU 1050 Tahun 2024 Lampiran II,https://jdih.kpu.go.id/data/data_kepkpu/2024kpt1050_L2.pdf
Sulawesi Utara,1533523,Partai Demokrasi Indonesia Perjuangan,511270,33.3396,Partai Demokrat,327386,183884,1.0103,KPU 1050 Tahun 2024 Lampiran II,https://jdih.kpu.go.id/data/data_kepkpu/2024kpt1050_L2.pdf
Sulawesi Tengah,1718343,Partai Golongan Karya,330971,19.2611,Partai NasDem,256799,74172,1.132,KPU 1050 Tahun 2024 Lampiran II,https://jdih.kpu.go.id/data/data_kepkpu/2024kpt1050_L2.pdf
Sulawesi Selatan,5081429,Partai Gerakan Indonesia Raya,960959,18.9112,Partai NasDem,876055,84904,3.3476,KPU 1050 Tahun 2024 Lampiran II,https://jdih.kpu.go.id/data/data_kepkpu/2024kpt1050_L2.pdf
Sulawesi Tenggara,1458333,Partai Gerakan Indonesia Raya,233478,16.0099,Partai NasDem,207276,26202,0.9607,KPU 1050 Tahun 2024 Lampiran II,https://jdih.kpu.go.id/data/data_kepkpu/2024kpt1050_L2.pdf
Gorontalo,741783,Partai NasDem,227533,30.6738,Partai Golongan Karya,163074,64459,0.4887,KPU 1050 Tahun 2024 Lampiran II,https://jdih.kpu.go.id/data/data_kepkpu/2024kpt1050_L2.pdf
Sulawesi Barat,785247,Partai NasDem,142496,18.1466,Partai Demokrasi Indonesia Perjuangan,132714,9782,0.5173,KPU 1050 Tahun 2024 Lampiran II,https://jdih.kpu.go.id/data/data_kepkpu/2024kpt1050_L2.pdf
Maluku,1040166,Partai Amanat Nasional,178770,17.1867,Partai Keadilan Sejahtera,146716,32054,0.6853,KPU 1050 Tahun 2024 Lampiran II,https://jdih.kpu.go.id/data/data_kepkpu/2024kpt1050_L2.pdf
Maluku Utara,699302,Partai Demokrasi Indonesia Perjuangan,146937,21.012,Partai Golongan Karya,128475,18462,0.4607,KPU 1050 Tahun 2024 Lampiran II,https://jdih.kpu.go.id/data/data_kepkpu/2024kpt1050_L2.pdf
Papua,658922,Partai Demokrasi Indonesia Perjuangan,154548,23.4547,Partai Gerakan Indonesia Raya,110961,43587,0.4341,KPU 1050 Tahun 2024 Lampiran II,https://jdih.kpu.go.id/data/data_kepkpu/2024kpt1050_L2.pdf
Papua Barat,321066,Partai Golongan Karya,95883,29.864,Partai NasDem,52964,42919,0.2115,KPU 1050 Tahun 2024 Lampiran II,https://jdih.kpu.go.id/data/data_kepkpu/2024kpt1050_L2.pdf
Papua Selatan,303385,Partai Demokrasi Indonesia Perjuangan,54416,17.9363,Partai NasDem,50241,4175,0.1999,KPU 1050 Tahun 2024 Lampiran II,https://jdih.kpu.go.id/data/data_kepkpu/2024kpt1050_L2.pdf
Papua Tengah,1126683,Partai Demokrasi Indonesia Perjuangan,289738,25.716,Partai Golongan Karya,256718,33020,0.7422,KPU 1050 Tahun 2024 Lampiran II,https://jdih.kpu.go.id/data/data_kepkpu/2024kpt1050_L2.pdf
Papua Pegunungan,1306436,Partai NasDem,482364,36.9221,Partai Demokrasi Indonesia Perjuangan,202726,279638,0.8607,KPU 1050 Tahun 2024 Lampiran II,https://jdih.kpu.go.id/data/data_kepkpu/2024kpt1050_L2.pdf
Papua Barat Daya,340028,Partai Golongan Karya,102786,30.2287,Partai Demokrat,44618,58168,0.224,KPU 1050 Tahun 2024 Lampiran II,https://jdih.kpu.go.id/data/data_kepkpu/2024kpt1050_L2.pdf
