id,nama_parpol,akronim,no urut pemilu 2024
4,Partai Nasdem,NasDem,5
5,Partai Hati Nurani Rakyat,HANURA,10
6,PARTAI KEADILAN SEJAHTERA,PKS,8
7,Partai Amanat Nasional,PAN,12
8,Partai Kebangkitan Bangsa,PKB,1
9,Partai Golongan Karya,Partai GOLKAR,4
10,Partai Gerakan Indonesia Raya,Partai GERINDRA,2
11,Partai Persatuan Pembangunan,PPP,17
12,Partai Demokrasi Indonesia Perjuangan,PDI PERJUANGAN,3
13,Partai Demokrat,PD,14
18,PARTAI PERINDO,PERSATUAN INDONESIA,16
26,Partai Kebangkitan Nusantara,PKN,9
41,Partai Buruh,Partai Buruh,6
44,Partai Garda Perubahan Indonesia,Partai Garuda,11
74,Partai Bulan Bintang,PBB,13
76,Partai Solidaritas Indonesia,PSI,15
77,Partai Gelombang Rakyat Indonesia,GELORA INDONESIA,7
78,Partai Ummat,Partai Ummat,24
79,Partai Aceh,PA,21
80,PARTAI SIRA (SOLIDITAS INDEPENDEN RAKYAT ACEH),SIRA,23
82,Partai Nanggroe Aceh,PNA,18
83,Partai Generasi Atjeh Beusaboh Tha'at Dan Taqwa,GABTHAT,19
84,Partai Adil Sejahtera Aceh,PAS ACEH,22
93,Partai Darul Aceh,PDA,20
