nomor_partai,nama_partai,suara_sah_nasional,status_ambang_batas_4_persen,total_suara_sah_nasional,keputusan_kpu,sumber_resmi
1,Partai Kebangkitan Bangsa,16115358,MEMENUHI,151793293,KPU 1204 Tahun 2024,https://jdih.kpu.go.id/data/data_kepkpu/2024kpt1204.pdf
2,Partai Gerakan Indonesia Raya,20071345,MEMENUHI,151793293,KPU 1204 Tahun 2024,https://jdih.kpu.go.id/data/data_kepkpu/2024kpt1204.pdf
3,Partai Demokrasi Indonesia Perjuangan,25384673,MEMENUHI,151793293,KPU 1204 Tahun 2024,https://jdih.kpu.go.id/data/data_kepkpu/2024kpt1204.pdf
4,Partai Golongan Karya,23208488,MEMENUHI,151793293,KPU 1204 Tahun 2024,https://jdih.kpu.go.id/data/data_kepkpu/2024kpt1204.pdf
5,Partai NasDem,14660328,MEMENUHI,151793293,KPU 1204 Tahun 2024,https://jdih.kpu.go.id/data/data_kepkpu/2024kpt1204.pdf
6,Partai Buruh,972898,TIDAK MEMENUHI,151793293,KPU 1204 Tahun 2024,https://jdih.kpu.go.id/data/data_kepkpu/2024kpt1204.pdf
7,Partai Gelombang Rakyat Indonesia,1282000,TIDAK MEMENUHI,151793293,KPU 1204 Tahun 2024,https://jdih.kpu.go.id/data/data_kepkpu/2024kpt1204.pdf
8,Partai Keadilan Sejahtera,12781241,MEMENUHI,151793293,KPU 1204 Tahun 2024,https://jdih.kpu.go.id/data/data_kepkpu/2024kpt1204.pdf
9,Partai Kebangkitan Nusantara,326803,TIDAK MEMENUHI,151793293,KPU 1204 Tahun 2024,https://jdih.kpu.go.id/data/data_kepkpu/2024kpt1204.pdf
10,Partai Hati Nurani Rakyat,1094599,TIDAK MEMENUHI,151793293,KPU 1204 Tahun 2024,https://jdih.kpu.go.id/data/data_kepkpu/2024kpt1204.pdf
11,Partai Garda Republik Indonesia,406884,TIDAK MEMENUHI,151793293,KPU 1204 Tahun 2024,https://jdih.kpu.go.id/data/data_kepkpu/2024kpt1204.pdf
12,Partai Amanat Nasional,10984639,MEMENUHI,151793293,KPU 1204 Tahun 2024,https://jdih.kpu.go.id/data/data_kepkpu/2024kpt1204.pdf
13,Partai Bulan Bintang,484487,TIDAK MEMENUHI,151793293,KPU 1204 Tahun 2024,https://jdih.kpu.go.id/data/data_kepkpu/2024kpt1204.pdf
14,Partai Demokrat,11283053,MEMENUHI,151793293,KPU 1204 Tahun 2024,https://jdih.kpu.go.id/data/data_kepkpu/2024kpt1204.pdf
15,Partai Solidaritas Indonesia,4260108,TIDAK MEMENUHI,151793293,KPU 1204 Tahun 2024,https://jdih.kpu.go.id/data/data_kepkpu/2024kpt1204.pdf
16,Partai PERINDO,1955131,TIDAK MEMENUHI,151793293,KPU 1204 Tahun 2024,https://jdih.kpu.go.id/data/data_kepkpu/2024kpt1204.pdf
17,Partai Persatuan Pembangunan,5878708,TIDAK MEMENUHI,151793293,KPU 1204 Tahun 2024,https://jdih.kpu.go.id/data/data_kepkpu/2024kpt1204.pdf
24,Partai Ummat,642550,TIDAK MEMENUHI,151793293,KPU 1204 Tahun 2024,https://jdih.kpu.go.id/data/data_kepkpu/2024kpt1204.pdf
