record_id,x_post_id,url_post,tanggal_post,teks_post_dari_tabel_pengguna,teks_bersih,status_kualitas_sumber,target_topik_post,label_sentimen_usulan,status_label,masuk_analisis_sentimen,alasan_keluar_analisis
GX2024-001,1739147121109180613,https://x.com/pikiranlugu/status/1739147121109180613,2023-12-25,"Tapi kalo caleg-caleg Nasdem, selalu pasang foto AMIN. Rame menurutku. Sama kayak PKS dan PKB. Beda jauh, caleg Demokrat, Golkar, atau PSI, nggak pasang capres cawapres mereka.","Tapi kalo caleg-caleg Nasdem, selalu pasang foto AMIN. Rame menurutku. Sama kayak PKS dan PKB. Beda jauh, caleg Demokrat, Golkar, atau PSI, nggak pasang capres cawapres mereka.",belum_diverifikasi_terhadap_post_asli,golkar_dan_partai_lain,netral,Usulan awal AI; bukan label gold; wajib ditinjau manusia,True,
GX2024-002,1745114452964614155,https://x.com/JCTS2023/status/1745114452964614155,2024-01-11,Gw ngeliat kyknya golkar jarang banget kampanye capres cawapresnya di lapangan Di iklan pun cuma muncul di akhir doang,Gw ngeliat kyknya golkar jarang banget kampanye capres cawapresnya di lapangan Di iklan pun cuma muncul di akhir doang,belum_diverifikasi_terhadap_post_asli,golkar_dan_partai_lain,negatif,Usulan awal AI; bukan label gold; wajib ditinjau manusia,True,
GX2024-003,1745680567130357973,https://x.com/Sronojolo/status/1745680567130357973,2024-01-12,Didaerah kalau Golkar jualan Gibran gak laku…,Didaerah kalau Golkar jualan Gibran gak laku…,cuplikan_tampak_terpotong_perlu_konteks,golkar,negatif,Usulan awal AI; bukan label gold; wajib ditinjau manusia,True,
GX2024-004,1747419415136911363,https://x.com/ibnoe45/status/1747419415136911363,2024-01-17,"Lihat baliho PAN, Golkar dan Demokrat sepanjang jalan aja ngga ada yg pasang foto Wowo .. Dukungannya terpaksa 😁","Lihat baliho PAN, Golkar dan Demokrat sepanjang jalan aja ngga ada yg pasang foto Wowo .. Dukungannya terpaksa 😁",belum_diverifikasi_terhadap_post_asli,golkar_dan_partai_lain,perlu_konteks,Usulan awal AI; bukan label gold; wajib ditinjau manusia,True,
GX2024-005,1748762421542678755,https://x.com/wardarmawan/status/1748762421542678755,2024-01-21,Karena Airlangga ga jadi capres atau cawapres jadi bebas mau pilih siapa ga ada larangan.,Karena Airlangga ga jadi capres atau cawapres jadi bebas mau pilih siapa ga ada larangan.,belum_diverifikasi_terhadap_post_asli,golkar_dan_tokoh/kader,netral,Usulan awal AI; bukan label gold; wajib ditinjau manusia,True,
GX2024-006,1749583337419940155,https://x.com/diprastma/status/1749583337419940155,2024-01-23,"...yg mana basis Golkar cukup kuat, gak ada all out yg dukung PAGI & juga gak ada pasang foto PAGI di balihonya","...yg mana basis Golkar cukup kuat, gak ada all out yg dukung PAGI & juga gak ada pasang foto PAGI di balihonya",cuplikan_tampak_terpotong_perlu_konteks,golkar,perlu_konteks,Usulan awal AI; bukan label gold; wajib ditinjau manusia,True,
GX2024-007,1752116482950275266,https://x.com/menuding/status/1752116482950275266,2024-01-30,PAN mending belajar ke Golkar dah cara bikin ads di tv yang bagus dan tidak cringe,PAN mending belajar ke Golkar dah cara bikin ads di tv yang bagus dan tidak cringe,belum_diverifikasi_terhadap_post_asli,golkar_dan_partai_lain,positif,Usulan awal AI; bukan label gold; wajib ditinjau manusia,True,
GX2024-008,1752525903228523000,https://x.com/fairusizzudin/status/1752525903228523000,2024-01-31,"Golkar nda dapat apa2, padahal suaranya lebih tinggi","Golkar nda dapat apa2, padahal suaranya lebih tinggi",belum_diverifikasi_terhadap_post_asli,golkar,negatif,Usulan awal AI; bukan label gold; wajib ditinjau manusia,True,
GX2024-009,1753627795526463659,https://x.com/riza_ajir/status/1753627795526463659,2024-02-03,"Sbg partai besar harusnya bisa ajukan capres, minimal cawapres dari kader sendiri","Sbg partai besar harusnya bisa ajukan capres, minimal cawapres dari kader sendiri",belum_diverifikasi_terhadap_post_asli,golkar_dan_tokoh/kader,negatif,Usulan awal AI; bukan label gold; wajib ditinjau manusia,True,
GX2024-010,1755854346175250800,https://x.com/DianDrianto/status/1755854346175250800,2024-02-09,"Golkar itu keren juga ya.. Walaupun seakan nda ada figur, tapi masih bisa bertengger di top 3","Golkar itu keren juga ya.. Walaupun seakan nda ada figur, tapi masih bisa bertengger di top 3",belum_diverifikasi_terhadap_post_asli,golkar,positif,Usulan awal AI; bukan label gold; wajib ditinjau manusia,True,
GX2024-011,1756301751622447526,https://x.com/r3nhartono/status/1756301751622447526,2024-02-10,"partai2 darah orba macam golkar, gerindra, nasdem itu bukan partai jiwa oposisi melainkan partai jiwa oportunis.","partai2 darah orba macam golkar, gerindra, nasdem itu bukan partai jiwa oposisi melainkan partai jiwa oportunis.",belum_diverifikasi_terhadap_post_asli,golkar_dan_partai_lain,negatif,Usulan awal AI; bukan label gold; wajib ditinjau manusia,True,
GX2024-012,1756540971163197561,https://x.com/Partono_ADjem/status/1756540971163197561,2024-02-11,Smlm di wilayah sy kader parpol yg ikut giat persiapan masa tenang cm Golkar n PSI.,Smlm di wilayah sy kader parpol yg ikut giat persiapan masa tenang cm Golkar n PSI.,belum_diverifikasi_terhadap_post_asli,golkar_dan_partai_lain,netral,Usulan awal AI; bukan label gold; wajib ditinjau manusia,True,
GX2024-013,1757703526619439498,https://x.com/r3nhartono/status/1757703526619439498,2024-02-14,Harusnya golkar itu diboikot serius.,Harusnya golkar itu diboikot serius.,belum_diverifikasi_terhadap_post_asli,golkar,negatif,Usulan awal AI; bukan label gold; wajib ditinjau manusia,True,
GX2024-014,1757718544383606838,https://x.com/nanovond/status/1757718544383606838,2024-02-14,Golkar dan PKS ini keren mesin partainya. gak terlihat tokohnya tapi grass root nya kerja keras 👏🏻,Golkar dan PKS ini keren mesin partainya. gak terlihat tokohnya tapi grass root nya kerja keras 👏🏻,belum_diverifikasi_terhadap_post_asli,golkar_dan_partai_lain,positif,Usulan awal AI; bukan label gold; wajib ditinjau manusia,True,
GX2024-015,1757720514855076211,https://x.com/Strategi_Bisnis/status/1757720514855076211,2024-02-14,Golkar agak naik suaranya. Airlangga memang lumayan bagus sbg Menko. Ada aspek teknokratnya. Meski Menperin dari Golkar agak zonk.,Golkar agak naik suaranya. Airlangga memang lumayan bagus sbg Menko. Ada aspek teknokratnya. Meski Menperin dari Golkar agak zonk.,belum_diverifikasi_terhadap_post_asli,golkar_dan_tokoh/kader,campuran,Usulan awal AI; bukan label gold; wajib ditinjau manusia,True,
GX2024-016,1757720889582567682,https://x.com/zuhdirobbani/status/1757720889582567682,2024-02-14,Golkar unggul di daerah-daerah. Kaderisasi nya cukup bagus…,Golkar unggul di daerah-daerah. Kaderisasi nya cukup bagus…,cuplikan_tampak_terpotong_perlu_konteks,golkar_dan_tokoh/kader,positif,Usulan awal AI; bukan label gold; wajib ditinjau manusia,True,
GX2024-017,1757723620816871809,https://x.com/judginganalyst/status/1757723620816871809,2024-02-14,"Sekarang Golkar ikut koalisi bukan sebagai leader, menyedihkan.","Sekarang Golkar ikut koalisi bukan sebagai leader, menyedihkan.",belum_diverifikasi_terhadap_post_asli,golkar,negatif,Usulan awal AI; bukan label gold; wajib ditinjau manusia,True,
GX2024-018,1757726141232951498,https://x.com/cha_ylah/status/1757726141232951498,2024-02-14,"Klo Golkar masih ngadalin tokoh sendiri2 narik suara agar lolos, sprti artis, politikus senior, anak politikus","Klo Golkar masih ngadalin tokoh sendiri2 narik suara agar lolos, sprti artis, politikus senior, anak politikus",belum_diverifikasi_terhadap_post_asli,golkar,negatif,Usulan awal AI; bukan label gold; wajib ditinjau manusia,True,
GX2024-019,1757736060577292351,https://x.com/YungKenReds/status/1757736060577292351,2024-02-14,Alsan Golkar masih konsisten peroleh suara karena biasanya caleg2 yg direkrut itu org2 atau kader yg emg punya nama di daerah2...,Alsan Golkar masih konsisten peroleh suara karena biasanya caleg2 yg direkrut itu org2 atau kader yg emg punya nama di daerah2...,cuplikan_tampak_terpotong_perlu_konteks,golkar_dan_tokoh/kader,positif,Usulan awal AI; bukan label gold; wajib ditinjau manusia,True,
GX2024-020,1757783232136012237,https://x.com/abumufakhir/status/1757783232136012237,2024-02-14,Lalu ada seorang Caleg kaya dr Golkar yg ga pernah merespon apapun u/ masalah rakyat di dapilnya…,Lalu ada seorang Caleg kaya dr Golkar yg ga pernah merespon apapun u/ masalah rakyat di dapilnya…,cuplikan_tampak_terpotong_perlu_konteks,golkar_dan_tokoh/kader,negatif,Usulan awal AI; bukan label gold; wajib ditinjau manusia,True,
GX2024-021,1757803127393452272,https://x.com/revolutia/status/1757803127393452272,2024-02-15,"Kalau melihat hitung cepat pileg DPR, sepertinya Golkar dan Nasdem memberikan penampilan mengejutkan dengan terlihat lebih kuat dari hasil survei selama ini.","Kalau melihat hitung cepat pileg DPR, sepertinya Golkar dan Nasdem memberikan penampilan mengejutkan dengan terlihat lebih kuat dari hasil survei selama ini.",belum_diverifikasi_terhadap_post_asli,golkar_dan_partai_lain,positif,Usulan awal AI; bukan label gold; wajib ditinjau manusia,True,
GX2024-022,1757940217565323482,https://x.com/dwikyrestu/status/1757940217565323482,2024-02-15,Mesin partai Gerindra mah ngga ada apa2nya dibanding PDI sama Golkar,Mesin partai Gerindra mah ngga ada apa2nya dibanding PDI sama Golkar,belum_diverifikasi_terhadap_post_asli,golkar_dan_partai_lain,positif,Usulan awal AI; bukan label gold; wajib ditinjau manusia,True,
GX2024-023,1757980923642155154,https://x.com/notastroboee/status/1757980923642155154,2024-02-15,"dan why sampe sekarang masih banyak yg dukung caleg golkar, padahal kek parasit","dan why sampe sekarang masih banyak yg dukung caleg golkar, padahal kek parasit",belum_diverifikasi_terhadap_post_asli,golkar_dan_tokoh/kader,negatif,Usulan awal AI; bukan label gold; wajib ditinjau manusia,True,
GX2024-024,1757998727426625701,https://x.com/giIangmahesa/status/1757998727426625701,2024-02-15,"PG keren tahun ini , tinggal nanti lihat bagaimana strategi elektoral kursi parlemennya, yg sudah2 soal strategi ini Golkar paling bagus","PG keren tahun ini , tinggal nanti lihat bagaimana strategi elektoral kursi parlemennya, yg sudah2 soal strategi ini Golkar paling bagus",belum_diverifikasi_terhadap_post_asli,golkar,positif,Usulan awal AI; bukan label gold; wajib ditinjau manusia,True,
GX2024-025,1758049235659075703,https://x.com/addtaufiq/status/1758049235659075703,2024-02-15,Sementara Golkar justru bisa fokus ke masing2 Calegnya yg sekaligus diuntungkan oleh elektabilitas Capres Cawapres 02.,Sementara Golkar justru bisa fokus ke masing2 Calegnya yg sekaligus diuntungkan oleh elektabilitas Capres Cawapres 02.,belum_diverifikasi_terhadap_post_asli,golkar_dan_tokoh/kader,netral,Usulan awal AI; bukan label gold; wajib ditinjau manusia,True,
GX2024-026,1758061702619578497,https://x.com/RyaWiedy/status/1758061702619578497,2024-02-15,"Konstituen Golkar itu unik. Dari dulu modelan yg manut arahan partai, mau digiring ke capres mana.","Konstituen Golkar itu unik. Dari dulu modelan yg manut arahan partai, mau digiring ke capres mana.",belum_diverifikasi_terhadap_post_asli,golkar_dan_pemilihnya,perlu_konteks,Usulan awal AI; bukan label gold; wajib ditinjau manusia,True,
GX2024-027,1758097904840134984,https://x.com/Ronsarteins/status/1758097904840134984,2024-02-15,"Dari kadernya juga udah lebih baik dari partai-partai lain di dapil ku, kayaknya habis 98 mereka reformasi.","Dari kadernya juga udah lebih baik dari partai-partai lain di dapil ku, kayaknya habis 98 mereka reformasi.",belum_diverifikasi_terhadap_post_asli,golkar_dan_tokoh/kader,positif,Usulan awal AI; bukan label gold; wajib ditinjau manusia,True,
GX2024-028,1758140511989461081,https://x.com/NurHida64682237/status/1758140511989461081,2024-02-15,Golkar tak akan pernah sanggup jadi oposisi krn mang terlahir sebagai partai ngintil penguasa maunya duit tak mau jamu pahit.,Golkar tak akan pernah sanggup jadi oposisi krn mang terlahir sebagai partai ngintil penguasa maunya duit tak mau jamu pahit.,belum_diverifikasi_terhadap_post_asli,golkar,negatif,Usulan awal AI; bukan label gold; wajib ditinjau manusia,True,
GX2024-029,1758143956091896155,https://x.com/ArgaPradip75373/status/1758143956091896155,2024-02-15,"Nasdem, PKB, dan PPP mreka tak jauh beda dgn Golkar yg tak ngerti gimana jdi oposisi.","Nasdem, PKB, dan PPP mreka tak jauh beda dgn Golkar yg tak ngerti gimana jdi oposisi.",belum_diverifikasi_terhadap_post_asli,golkar_dan_partai_lain,negatif,Usulan awal AI; bukan label gold; wajib ditinjau manusia,True,
GX2024-030,1758307526213550417,https://x.com/mangkuto78/status/1758307526213550417,2024-02-16,"Kenapa bawa PD, padahal pemilu kali juga ngak bagus Malah turun suaranya, kecuali suara naik baru ngaku hebat, jujur yg pileg Bagus itu, Golkar, PKB, PKS, Nasdem, yg lainnya turun itu indikator yg jelas.","Kenapa bawa PD, padahal pemilu kali juga ngak bagus Malah turun suaranya, kecuali suara naik baru ngaku hebat, jujur yg pileg Bagus itu, Golkar, PKB, PKS, Nasdem, yg lainnya turun itu indikator yg jelas.",belum_diverifikasi_terhadap_post_asli,golkar_dan_partai_lain,positif,Usulan awal AI; bukan label gold; wajib ditinjau manusia,True,
GX2024-031,1758431271175553306,https://x.com/muchlis_ar/status/1758431271175553306,2024-02-16,Selamat untuk teman2 di Golkar. Bisa nyalip Gerindra ini pasti kerja keras jaringan caleg2 dan grassroot.,Selamat untuk teman2 di Golkar. Bisa nyalip Gerindra ini pasti kerja keras jaringan caleg2 dan grassroot.,belum_diverifikasi_terhadap_post_asli,golkar_dan_partai_lain,positif,Usulan awal AI; bukan label gold; wajib ditinjau manusia,True,
GX2024-032,1758591583711338806,https://x.com/caponkbiru/status/1758591583711338806,2024-02-17,"PDIP unggul tapi kalau dibandingkan 2019 Suara PDIP yg mencapai 19,33℅ turun lebih kuran 3℅ dibandingkan skrng. Justru Golkar yg suaranya naik, kemungkin kursi golkar di senayan bisa lebih besar dri PDIP.","PDIP unggul tapi kalau dibandingkan 2019 Suara PDIP yg mencapai 19,33℅ turun lebih kuran 3℅ dibandingkan skrng. Justru Golkar yg suaranya naik, kemungkin kursi golkar di senayan bisa lebih besar dri PDIP.",belum_diverifikasi_terhadap_post_asli,golkar_dan_partai_lain,positif,Usulan awal AI; bukan label gold; wajib ditinjau manusia,True,
GX2024-033,1758652457440424366,https://x.com/kkmanti/status/1758652457440424366,2024-02-17,"Tiga partai besar dari masa lalu : PDIP, Golkar, dan PPP ini punya struktur organisasi dan pengkaderan yg sudah matang.","Tiga partai besar dari masa lalu : PDIP, Golkar, dan PPP ini punya struktur organisasi dan pengkaderan yg sudah matang.",belum_diverifikasi_terhadap_post_asli,golkar_dan_partai_lain,positif,Usulan awal AI; bukan label gold; wajib ditinjau manusia,True,
GX2024-034,1758723290959577377,https://x.com/JokoHQ/status/1758723290959577377,2024-02-17,No. Prabowo bukan Ganjar. Golkar bs naik suaranya krn Prabowo Gibran. Jd harusnya mrk bs lebih tahu diri.,No. Prabowo bukan Ganjar. Golkar bs naik suaranya krn Prabowo Gibran. Jd harusnya mrk bs lebih tahu diri.,belum_diverifikasi_terhadap_post_asli,golkar,negatif,Usulan awal AI; bukan label gold; wajib ditinjau manusia,True,
GX2024-035,1758753162675236866,https://x.com/okiazr/status/1758753162675236866,2024-02-17,"Golkar naik karena tahun ini partai pecahannya, berkarya ga lolos jadi peserta pemilu","Golkar naik karena tahun ini partai pecahannya, berkarya ga lolos jadi peserta pemilu",belum_diverifikasi_terhadap_post_asli,golkar,netral,Usulan awal AI; bukan label gold; wajib ditinjau manusia,True,
GX2024-036,1759093160565977399,https://x.com/taniaviandra/status/1759093160565977399,2024-02-18,Tinggal Golkar sama PKS doang yg image nya masih bagus.,Tinggal Golkar sama PKS doang yg image nya masih bagus.,belum_diverifikasi_terhadap_post_asli,golkar_dan_partai_lain,positif,Usulan awal AI; bukan label gold; wajib ditinjau manusia,True,
GX2024-037,1759184022738293197,https://x.com/ItzKinan/status/1759184022738293197,2024-02-18,golkar (partai yang akar rumputnya gak terlalu kuat),golkar (partai yang akar rumputnya gak terlalu kuat),belum_diverifikasi_terhadap_post_asli,golkar,negatif,Usulan awal AI; bukan label gold; wajib ditinjau manusia,True,
GX2024-038,1759379066359267750,https://x.com/HardanHari/status/1759379066359267750,2024-02-19,Sebenarnya Golkar yang sekarang harus diapresiasi karena kadernya di pemerintahan bekerja dengan baik,Sebenarnya Golkar yang sekarang harus diapresiasi karena kadernya di pemerintahan bekerja dengan baik,belum_diverifikasi_terhadap_post_asli,golkar_dan_tokoh/kader,positif,Usulan awal AI; bukan label gold; wajib ditinjau manusia,True,
GX2024-039,1759415467155063101,https://x.com/noeaingid/status/1759415467155063101,2024-02-19,reformasi yg berdarah-darah tapi hasilnya kekuatan orde baru sekarang malah makin kuat salah satunya partai golkar tiap pemilu makin besar suaranya,reformasi yg berdarah-darah tapi hasilnya kekuatan orde baru sekarang malah makin kuat salah satunya partai golkar tiap pemilu makin besar suaranya,belum_diverifikasi_terhadap_post_asli,golkar,negatif,Usulan awal AI; bukan label gold; wajib ditinjau manusia,True,
GX2024-040,1759780377689014630,https://x.com/ekky1995/status/1759780377689014630,2024-02-20,"Secara nasional, pemenang pileg 2024 jika menggunakan sistem distrik ialah..............Golkar 😂","Secara nasional, pemenang pileg 2024 jika menggunakan sistem distrik ialah..............Golkar 😂",cuplikan_tampak_terpotong_perlu_konteks,golkar,perlu_konteks,Usulan awal AI; bukan label gold; wajib ditinjau manusia,True,
GX2024-041,1759819033007083911,https://x.com/vilcinsky/status/1759819033007083911,2024-02-20,Ternyata di provinsi saya yg sedang unggul adalah Golkar diikuti dgn PKB dan PDI-P,Ternyata di provinsi saya yg sedang unggul adalah Golkar diikuti dgn PKB dan PDI-P,belum_diverifikasi_terhadap_post_asli,golkar_dan_partai_lain,netral,Usulan awal AI; bukan label gold; wajib ditinjau manusia,True,
GX2024-042,1760524073409646959,https://x.com/carlitovito180/status/1760524073409646959,2024-02-22,kami jg mau ingatkan pd Golkar agar tetap konsisten jika Angket terpenuhi…,kami jg mau ingatkan pd Golkar agar tetap konsisten jika Angket terpenuhi…,cuplikan_tampak_terpotong_perlu_konteks,golkar,perlu_konteks,Usulan awal AI; bukan label gold; wajib ditinjau manusia,True,
GX2024-043,1760617195040850214,https://x.com/kopididid/status/1760617195040850214,2024-02-22,"Gen X malah terbanyak pilih Golkar. Si Paling Reformasi, pilih Goltai ini gimana cobaaaaa??!","Gen X malah terbanyak pilih Golkar. Si Paling Reformasi, pilih Goltai ini gimana cobaaaaa??!",belum_diverifikasi_terhadap_post_asli,golkar,negatif,Usulan awal AI; bukan label gold; wajib ditinjau manusia,True,
GX2024-044,1760878387336458700,https://x.com/manukahoneyland/status/1760878387336458700,2024-02-23,Ke salahan terbesar waktu reformasi membolehkan Golkar kembali menjadi partai pengikut pemilu,Ke salahan terbesar waktu reformasi membolehkan Golkar kembali menjadi partai pengikut pemilu,belum_diverifikasi_terhadap_post_asli,golkar,negatif,Usulan awal AI; bukan label gold; wajib ditinjau manusia,True,
GX2024-045,1761307525419266521,https://x.com/andikkurniawan/status/1761307525419266521,2024-02-24,"Ibarat kapal, mesin partai (Caleg) seperti Golkar, PDIP kualitasnya level Messi-Ronaldo.","Ibarat kapal, mesin partai (Caleg) seperti Golkar, PDIP kualitasnya level Messi-Ronaldo.",belum_diverifikasi_terhadap_post_asli,golkar_dan_partai_lain,positif,Usulan awal AI; bukan label gold; wajib ditinjau manusia,True,
GX2024-046,1761555016811499812,https://x.com/LyliDeer183/status/1761555016811499812,2024-02-25,"Keknya abis ini nanti ada keributan dimana bisa aja Golkar dapet lebih banyak kursi, karena suara pemilihnya lebih seimbang di berbagai daerah.","Keknya abis ini nanti ada keributan dimana bisa aja Golkar dapet lebih banyak kursi, karena suara pemilihnya lebih seimbang di berbagai daerah.",belum_diverifikasi_terhadap_post_asli,golkar_dan_pemilihnya,netral,Usulan awal AI; bukan label gold; wajib ditinjau manusia,True,
GX2024-047,1761556878436585932,https://x.com/x6a283/status/1761556878436585932,2024-02-25,"Suara golkar paling tinggi, pasti maunya dapat kue yg banyak nih","Suara golkar paling tinggi, pasti maunya dapat kue yg banyak nih",belum_diverifikasi_terhadap_post_asli,golkar,perlu_konteks,Usulan awal AI; bukan label gold; wajib ditinjau manusia,True,
GX2024-048,1761908402916319725,https://x.com/dwioktariyadi/status/1761908402916319725,2024-02-26,Setuju pidanakan dan diskualifikasi saja caleg yg curang bgini.,Setuju pidanakan dan diskualifikasi saja caleg yg curang bgini.,belum_diverifikasi_terhadap_post_asli,golkar_dan_tokoh/kader,perlu_konteks,Usulan awal AI; bukan label gold; wajib ditinjau manusia,True,
GX2024-049,1761933632388968759,https://x.com/lintang_emha/status/1761933632388968759,2024-02-26,PKS gak ada niatan buat rekrut abdur jadi kader apa? Harusnya pks belajar dri Golkar yang bermain dg kader kader dg nama top untuk bisa selalu mendongkrak suara partai. Dan juga jangan fokus di jawa sentris aja,PKS gak ada niatan buat rekrut abdur jadi kader apa? Harusnya pks belajar dri Golkar yang bermain dg kader kader dg nama top untuk bisa selalu mendongkrak suara partai. Dan juga jangan fokus di jawa sentris aja,belum_diverifikasi_terhadap_post_asli,golkar_dan_partai_lain,positif,Usulan awal AI; bukan label gold; wajib ditinjau manusia,True,
GX2024-050,1761946653903511835,https://x.com/HelmiFelis_/status/1761946653903511835,2024-02-26,Masuk akal Golkar namanya masih bagus di masyarakat pedesaan,Masuk akal Golkar namanya masih bagus di masyarakat pedesaan,belum_diverifikasi_terhadap_post_asli,golkar,positif,Usulan awal AI; bukan label gold; wajib ditinjau manusia,True,
GX2024-051,1762285606787527163,https://x.com/goraici/status/1762285606787527163,2024-02-27,tapi sampai sekarang tiap pemilu tetap saja Golkar dan Gerindra dapat suara besar. Heran..,tapi sampai sekarang tiap pemilu tetap saja Golkar dan Gerindra dapat suara besar. Heran..,belum_diverifikasi_terhadap_post_asli,golkar_dan_partai_lain,perlu_konteks,Usulan awal AI; bukan label gold; wajib ditinjau manusia,True,
GX2024-052,1762849260029239586,https://x.com/EAAANNH/status/1762849260029239586,2024-02-28,Tertinggi suara itu blm tentu linier dg jumlah kursi. PDIP 16% dan Golkar 15% sangat mungkin kursi Golkar lbh banyak,Tertinggi suara itu blm tentu linier dg jumlah kursi. PDIP 16% dan Golkar 15% sangat mungkin kursi Golkar lbh banyak,belum_diverifikasi_terhadap_post_asli,golkar_dan_partai_lain,netral,Usulan awal AI; bukan label gold; wajib ditinjau manusia,True,
GX2024-053,1763140474393763846,https://x.com/fantacylov/status/1763140474393763846,2024-02-29,Karena sebaran suara GOLKAR merata disemua provinsi sehingga kursi GOLKAR di Senayan semakin bertambah banyak.,Karena sebaran suara GOLKAR merata disemua provinsi sehingga kursi GOLKAR di Senayan semakin bertambah banyak.,belum_diverifikasi_terhadap_post_asli,golkar,netral,Usulan awal AI; bukan label gold; wajib ditinjau manusia,True,
GX2024-054,1763174648278344173,https://x.com/mazzini_gsp/status/1763174648278344173,2024-02-29,Golkar kan menghidupkan diktator itu lewat video AI ngajakin orang memilih secara demokratis.,Golkar kan menghidupkan diktator itu lewat video AI ngajakin orang memilih secara demokratis.,belum_diverifikasi_terhadap_post_asli,golkar_dan_partai_lain,negatif,Usulan awal AI; bukan label gold; wajib ditinjau manusia,True,
GX2024-055,1763432069127160139,https://x.com/JokoHQ/status/1763432069127160139,2024-03-01,"PDIP menang cm dalam hal suara terbanyak. Tp soal jumlah kursi, Golkar lbh banyak. Pengen liat ketua DPR diambil Golkar.","PDIP menang cm dalam hal suara terbanyak. Tp soal jumlah kursi, Golkar lbh banyak. Pengen liat ketua DPR diambil Golkar.",belum_diverifikasi_terhadap_post_asli,golkar_dan_partai_lain,positif,Usulan awal AI; bukan label gold; wajib ditinjau manusia,True,
GX2024-056,1763462667858260272,https://x.com/Mochfilia/status/1763462667858260272,2024-03-01,Golkar banyak suara yang ghoib tiba tiba muncul,Golkar banyak suara yang ghoib tiba tiba muncul,tuduhan_perlu_verifikasi_independen,golkar,negatif,Usulan awal AI; bukan label gold; wajib ditinjau manusia,True,
GX2024-057,1763474867431804983,https://x.com/kochenglatte/status/1763474867431804983,2024-03-01,golkar sama psi sama2 banyak suara ghaib 😂,golkar sama psi sama2 banyak suara ghaib 😂,tuduhan_perlu_verifikasi_independen,golkar_dan_partai_lain,negatif,Usulan awal AI; bukan label gold; wajib ditinjau manusia,True,
GX2024-058,1764594034948137358,https://x.com/AidulFa/status/1764594034948137358,2024-03-04,Golkar selalu jadi target pengambilalihan politik karena suaranya besar dan karakternya pragmatis.,Golkar selalu jadi target pengambilalihan politik karena suaranya besar dan karakternya pragmatis.,belum_diverifikasi_terhadap_post_asli,golkar,campuran,Usulan awal AI; bukan label gold; wajib ditinjau manusia,True,
GX2024-059,1765354020749885520,https://x.com/erm_siangmalam/status/1765354020749885520,2024-03-06,Golkar Udah mengakar terlalu kuat di Sumatra…,Golkar Udah mengakar terlalu kuat di Sumatra…,cuplikan_tampak_terpotong_perlu_konteks,golkar,perlu_konteks,Usulan awal AI; bukan label gold; wajib ditinjau manusia,True,
GX2024-060,1765564108399910959,https://x.com/Rriskand/status/1765564108399910959,2024-03-07,"Untuk golkar, ... keren kalo untuk debat, maklum sih kader partai senior & py byk pengalaman","Untuk golkar, ... keren kalo untuk debat, maklum sih kader partai senior & py byk pengalaman",cuplikan_tampak_terpotong_perlu_konteks,golkar_dan_tokoh/kader,positif,Usulan awal AI; bukan label gold; wajib ditinjau manusia,True,
GX2024-061,1765596830300241933,https://x.com/daraadindaaa/status/1765596830300241933,2024-03-07,Golkar Jawa Barat meraih 18 kursi DPR RI (naik 4 kursi). … Seems like our rides … paid off ya.,Golkar Jawa Barat meraih 18 kursi DPR RI (naik 4 kursi). … Seems like our rides … paid off ya.,cuplikan_tampak_terpotong_perlu_konteks,golkar,positif,Usulan awal AI; bukan label gold; wajib ditinjau manusia,True,
GX2024-062,1767490614109884482,https://x.com/syaithannn/status/1767490614109884482,2024-03-12,"Golkar udah mulai berani. Perolehan kursi terbanyak di DPR 2024, jadi nyenggol nyenggol dikit kebijakan Pakdhe yaa gapapa, hehe.","Golkar udah mulai berani. Perolehan kursi terbanyak di DPR 2024, jadi nyenggol nyenggol dikit kebijakan Pakdhe yaa gapapa, hehe.",belum_diverifikasi_terhadap_post_asli,golkar,perlu_konteks,Usulan awal AI; bukan label gold; wajib ditinjau manusia,True,
GX2024-063,1768595793127350371,https://x.com/bpsmgt/status/1768595793127350371,2024-03-15,"golkar naik suaranya, internal golkar , itu krn usaha mereka...","golkar naik suaranya, internal golkar , itu krn usaha mereka...",cuplikan_tampak_terpotong_perlu_konteks,golkar,positif,Usulan awal AI; bukan label gold; wajib ditinjau manusia,True,
GX2024-064,1768926366073061884,https://x.com/AchmadAnnama/status/1768926366073061884,2024-03-16,"Keren sih, Partai Golkar Menang 15 dari 38 Provinsi","Keren sih, Partai Golkar Menang 15 dari 38 Provinsi",belum_diverifikasi_terhadap_post_asli,golkar,positif,Usulan awal AI; bukan label gold; wajib ditinjau manusia,True,
GX2024-065,1769168983704645984,https://x.com/ZAMHARIBASYIR1/status/1769168983704645984,2024-03-17,Petinggi Partai Golkar hrs jujur akui bahwa mrk gagal melahirkan kader yg layak jadi capres/cawapres.,Petinggi Partai Golkar hrs jujur akui bahwa mrk gagal melahirkan kader yg layak jadi capres/cawapres.,belum_diverifikasi_terhadap_post_asli,golkar_dan_tokoh/kader,negatif,Usulan awal AI; bukan label gold; wajib ditinjau manusia,True,
GX2024-066,1769237943426982075,https://x.com/surabaya_s53211/status/1769237943426982075,2024-03-17,"Ringkasan: penulis menyebut pernah mengagumi Golkar, lalu mengkritik keputusan terkait pencalonan.","Ringkasan: penulis menyebut pernah mengagumi Golkar, lalu mengkritik keputusan terkait pencalonan.",ringkasan_pengumpul_bukan_teks_post,golkar,perlu_konteks,Usulan awal AI; bukan label gold; wajib ditinjau manusia,False,"Teks berupa ringkasan pengumpul, bukan isi post asli."
GX2024-067,1769466910624891275,https://x.com/NenkMonica/status/1769466910624891275,2024-03-18,partai ini sdh mematok jatah Kursi Menteri. Golkar 5 Menteri…,partai ini sdh mematok jatah Kursi Menteri. Golkar 5 Menteri…,cuplikan_tampak_terpotong_perlu_konteks,golkar,perlu_konteks,Usulan awal AI; bukan label gold; wajib ditinjau manusia,True,
GX2024-068,1769536484116242448,https://x.com/Haka_rainen/status/1769536484116242448,2024-03-18,"Udah biarin aja itu kan partai orba cocoklah masuk sana , rakyat aja yg bego masih aja pilih Golkar","Udah biarin aja itu kan partai orba cocoklah masuk sana , rakyat aja yg bego masih aja pilih Golkar",belum_diverifikasi_terhadap_post_asli,golkar,negatif,Usulan awal AI; bukan label gold; wajib ditinjau manusia,True,
GX2024-069,1769672072903672170,https://x.com/widi_kartika/status/1769672072903672170,2024-03-18,"Elit2 Golkar itu pragmatis yg pnting dpt posisi basah plus cuan mengalir deras, begitulah falsafah berpolitiknya heu..heuu..heuu..","Elit2 Golkar itu pragmatis yg pnting dpt posisi basah plus cuan mengalir deras, begitulah falsafah berpolitiknya heu..heuu..heuu..",belum_diverifikasi_terhadap_post_asli,golkar,negatif,Usulan awal AI; bukan label gold; wajib ditinjau manusia,True,
GX2024-070,1769713496865030235,https://x.com/Adiprayitno_20/status/1769713496865030235,2024-03-18,Golkar minta 5 menteri wajar. Demokrat dan PAN 3-4-5 menteri jg wajar krn partai pengusung.,Golkar minta 5 menteri wajar. Demokrat dan PAN 3-4-5 menteri jg wajar krn partai pengusung.,belum_diverifikasi_terhadap_post_asli,golkar_dan_partai_lain,positif,Usulan awal AI; bukan label gold; wajib ditinjau manusia,True,
GX2024-071,1771090145476841813,https://x.com/lennilenni549/status/1771090145476841813,2024-03-22,Nasdem sma aja dng Golkar yg selalu ingin dpt jatah dlm Kabinet,Nasdem sma aja dng Golkar yg selalu ingin dpt jatah dlm Kabinet,belum_diverifikasi_terhadap_post_asli,golkar_dan_partai_lain,negatif,Usulan awal AI; bukan label gold; wajib ditinjau manusia,True,
GX2024-072,1771391074252042694,https://x.com/toe_giman/status/1771391074252042694,2024-03-23,"Nah gitu donk, lom pelantikan udh ancang²... soal jatah menteri, golkar kudu lebih dari 5","Nah gitu donk, lom pelantikan udh ancang²... soal jatah menteri, golkar kudu lebih dari 5",cuplikan_tampak_terpotong_perlu_konteks,golkar,perlu_konteks,Usulan awal AI; bukan label gold; wajib ditinjau manusia,True,
GX2024-073,1771412430327017800,https://x.com/bucketexca/status/1771412430327017800,2024-03-23,lucu bgt golkar minta posisi kabinet setara perdana menteri lol mending lu bikin negara sendiri bray,lucu bgt golkar minta posisi kabinet setara perdana menteri lol mending lu bikin negara sendiri bray,belum_diverifikasi_terhadap_post_asli,golkar,negatif,Usulan awal AI; bukan label gold; wajib ditinjau manusia,True,
GX2024-074,1772237129260949975,https://x.com/havisman/status/1772237129260949975,2024-03-25,"Golkar kok diancam, mrk jg kuat, kaya, lebih pinter dan sekaligus licin.","Golkar kok diancam, mrk jg kuat, kaya, lebih pinter dan sekaligus licin.",belum_diverifikasi_terhadap_post_asli,golkar,campuran,Usulan awal AI; bukan label gold; wajib ditinjau manusia,True,
GX2024-075,1772249913012965720,https://x.com/HeryIdris5/status/1772249913012965720,2024-03-25,Kemaren Golkar yg minta jatah Menteri sekarang Demokrat. Hayo siapa menyusul...?? Mau urusi negara atau mau rebutan kursi. Somplak...,Kemaren Golkar yg minta jatah Menteri sekarang Demokrat. Hayo siapa menyusul...?? Mau urusi negara atau mau rebutan kursi. Somplak...,cuplikan_tampak_terpotong_perlu_konteks,golkar_dan_partai_lain,negatif,Usulan awal AI; bukan label gold; wajib ditinjau manusia,True,
GX2024-076,1773396636972257434,https://x.com/Sudiadi_W/status/1773396636972257434,2024-03-29,Ringkasan: penulis mengkritik cara Golkar mengejar suara pileg; ada tuduhan yang belum diverifikasi.,Ringkasan: penulis mengkritik cara Golkar mengejar suara pileg; ada tuduhan yang belum diverifikasi.,ringkasan_pengumpul_bukan_teks_post,golkar,perlu_konteks,Usulan awal AI; bukan label gold; wajib ditinjau manusia,False,"Teks berupa ringkasan pengumpul, bukan isi post asli."
GX2024-077,1774292592446046252,https://x.com/dilockelon/status/1774292592446046252,2024-03-31,"Golkar besar krn serangan fajar, sudah pengalaman sejak orde baru","Golkar besar krn serangan fajar, sudah pengalaman sejak orde baru",tuduhan_perlu_verifikasi_independen,golkar,negatif,Usulan awal AI; bukan label gold; wajib ditinjau manusia,True,
GX2024-078,1774779884038226364,https://x.com/AchmadAnnama/status/1774779884038226364,2024-04-01,Ringkasan: penulis memuji perolehan kursi Golkar. Perlu dicatat terpisah dari opini pengguna independen karena kemungkinan keterkaitan dengan partai.,Ringkasan: penulis memuji perolehan kursi Golkar. Perlu dicatat terpisah dari opini pengguna independen karena kemungkinan keterkaitan dengan partai.,ringkasan_pengumpul_bukan_teks_post,golkar,perlu_konteks,Usulan awal AI; bukan label gold; wajib ditinjau manusia,False,"Teks berupa ringkasan pengumpul, bukan isi post asli."
GX2024-079,1776397862295027815,https://x.com/ahmad_ridho31/status/1776397862295027815,2024-04-06,partai Mas Bakhun ini yakni golkar gak ada protes ini itu trhdpa pemrntah,partai Mas Bakhun ini yakni golkar gak ada protes ini itu trhdpa pemrntah,belum_diverifikasi_terhadap_post_asli,golkar,negatif,Usulan awal AI; bukan label gold; wajib ditinjau manusia,True,
GX2024-080,1777599589220061590,https://x.com/ariefrasyad/status/1777599589220061590,2024-04-09,"Hebat Golkar, jatidiri asli nya semasa ORBA kembali lagi. Bansos, BLT dan uang amplop serangan fajar…","Hebat Golkar, jatidiri asli nya semasa ORBA kembali lagi. Bansos, BLT dan uang amplop serangan fajar…",cuplikan_tampak_terpotong_perlu_konteks,golkar,campuran,Usulan awal AI; bukan label gold; wajib ditinjau manusia,True,
GX2024-081,1779467815055229013,https://x.com/helmihakam7/status/1779467815055229013,2024-04-14,"Golkar itu partai yg pengalaman,bnyk juga kadernya yg memiliki kemampuan memimpin,pileg 2024 jg pemenang ke 2...","Golkar itu partai yg pengalaman,bnyk juga kadernya yg memiliki kemampuan memimpin,pileg 2024 jg pemenang ke 2...",cuplikan_tampak_terpotong_perlu_konteks,golkar_dan_tokoh/kader,positif,Usulan awal AI; bukan label gold; wajib ditinjau manusia,True,
GX2024-082,1779472192906129814,https://x.com/summeryellow10/status/1779472192906129814,2024-04-14,seharusnya dari golkar dia yg maju di pilpres…,seharusnya dari golkar dia yg maju di pilpres…,cuplikan_tampak_terpotong_perlu_konteks,golkar,perlu_konteks,Usulan awal AI; bukan label gold; wajib ditinjau manusia,True,
GX2024-083,1782313485164265605,https://x.com/EEnesje23201/status/1782313485164265605,2024-04-22,The real winner pemilu 2024.,The real winner pemilu 2024.,belum_diverifikasi_terhadap_post_asli,golkar,perlu_konteks,Usulan awal AI; bukan label gold; wajib ditinjau manusia,True,
GX2024-084,1783460633062863267,https://x.com/Almudattsir/status/1783460633062863267,2024-04-25,Di PilPres / pileg 2024 Golkar Sudah menunjukka Kelasnja sebagai Parpol Licin nan Licik.,Di PilPres / pileg 2024 Golkar Sudah menunjukka Kelasnja sebagai Parpol Licin nan Licik.,belum_diverifikasi_terhadap_post_asli,golkar,negatif,Usulan awal AI; bukan label gold; wajib ditinjau manusia,True,
GX2024-085,1784403475688034352,https://x.com/katasiapalo/status/1784403475688034352,2024-04-28,menurut sy yg pantas jd oposisi itu malah PDIP dan Golkar lho.,menurut sy yg pantas jd oposisi itu malah PDIP dan Golkar lho.,belum_diverifikasi_terhadap_post_asli,golkar_dan_partai_lain,netral,Usulan awal AI; bukan label gold; wajib ditinjau manusia,True,
