nomor_urut_pada_berkas_sumber,provinsi,peringkat_suara_di_provinsi,suara_sah_partai_dpr_ri,persentase_dari_suara_sah_provinsi,total_suara_sah_partai_dpr_ri_provinsi,partai_pembanding,peringkat_partai_pembanding,suara_partai_pembanding,selisih_suara_golkar_dikurangi_pembanding,makna_selisih,sumber_keputusan,url_sumber,penyebut_persentase,aturan_tanda_selisih
1,Aceh,1,594213,19.4969,3047729,Partai Kebangkitan Bangsa,2,587783,6430,memimpin partai peringkat 2,KPU 1050 Tahun 2024 Lampiran II,https://jdih.kpu.go.id/data/data_kepkpu/2024kpt1050_L2.pdf,total suara sah partai DPR RI di provinsi yang sama,Positif bila Golkar peringkat 1 dan selisih dihitung terhadap peringkat 2. Negatif bila Golkar bukan peringkat 1 dan selisih dihitung terhadap peringkat 1.
2,Sumatera Utara,1,1712074,23.1093,7408581,Partai Demokrasi Indonesia Perjuangan,2,1383049,329025,memimpin partai peringkat 2,KPU 1050 Tahun 2024 Lampiran II,https://jdih.kpu.go.id/data/data_kepkpu/2024kpt1050_L2.pdf,total suara sah partai DPR RI di provinsi yang sama,Positif bila Golkar peringkat 1 dan selisih dihitung terhadap peringkat 2. Negatif bila Golkar bukan peringkat 1 dan selisih dihitung terhadap peringkat 1.
3,Sumatera Barat,5,354500,12.1394,2920240,Partai NasDem,1,475586,-121086,tertinggal dari partai peringkat 1,KPU 1050 Tahun 2024 Lampiran II,https://jdih.kpu.go.id/data/data_kepkpu/2024kpt1050_L2.pdf,total suara sah partai DPR RI di provinsi yang sama,Positif bila Golkar peringkat 1 dan selisih dihitung terhadap peringkat 2. Negatif bila Golkar bukan peringkat 1 dan selisih dihitung terhadap peringkat 1.
4,Riau,1,770977,22.7275,3392259,Partai Demokrasi Indonesia Perjuangan,2,431177,339800,memimpin partai peringkat 2,KPU 1050 Tahun 2024 Lampiran II,https://jdih.kpu.go.id/data/data_kepkpu/2024kpt1050_L2.pdf,total suara sah partai DPR RI di provinsi yang sama,Positif bila Golkar peringkat 1 dan selisih dihitung terhadap peringkat 2. Negatif bila Golkar bukan peringkat 1 dan selisih dihitung terhadap peringkat 1.
5,Jambi,1,341039,17.4737,1951724,Partai Demokrasi Indonesia Perjuangan,2,318124,22915,memimpin partai peringkat 2,KPU 1050 Tahun 2024 Lampiran II,https://jdih.kpu.go.id/data/data_kepkpu/2024kpt1050_L2.pdf,total suara sah partai DPR RI di provinsi yang sama,Positif bila Golkar peringkat 1 dan selisih dihitung terhadap peringkat 2. Negatif bila Golkar bukan peringkat 1 dan selisih dihitung terhadap peringkat 1.
6,Sumatera Selatan,1,857642,17.5934,4874788,Partai NasDem,2,834680,22962,memimpin partai peringkat 2,KPU 1050 Tahun 2024 Lampiran II,https://jdih.kpu.go.id/data/data_kepkpu/2024kpt1050_L2.pdf,total suara sah partai DPR RI di provinsi yang sama,Positif bila Golkar peringkat 1 dan selisih dihitung terhadap peringkat 2. Negatif bila Golkar bukan peringkat 1 dan selisih dihitung terhadap peringkat 1.
7,Bengkulu,1,324563,28.1832,1151620,Partai Amanat Nasional,2,188346,136217,memimpin partai peringkat 2,KPU 1050 Tahun 2024 Lampiran II,https://jdih.kpu.go.id/data/data_kepkpu/2024kpt1050_L2.pdf,total suara sah partai DPR RI di provinsi yang sama,Positif bila Golkar peringkat 1 dan selisih dihitung terhadap peringkat 2. Negatif bila Golkar bukan peringkat 1 dan selisih dihitung terhadap peringkat 1.
8,Lampung,3,670414,14.4118,4651843,Partai Gerakan Indonesia Raya,1,806836,-136422,tertinggal dari partai peringkat 1,KPU 1050 Tahun 2024 Lampiran II,https://jdih.kpu.go.id/data/data_kepkpu/2024kpt1050_L2.pdf,total suara sah partai DPR RI di provinsi yang sama,Positif bila Golkar peringkat 1 dan selisih dihitung terhadap peringkat 2. Negatif bila Golkar bukan peringkat 1 dan selisih dihitung terhadap peringkat 1.
9,Kepulauan Bangka Belitung,3,115549,14.9711,771812,Partai Gerakan Indonesia Raya,1,172949,-57400,tertinggal dari partai peringkat 1,KPU 1050 Tahun 2024 Lampiran II,https://jdih.kpu.go.id/data/data_kepkpu/2024kpt1050_L2.pdf,total suara sah partai DPR RI di provinsi yang sama,Positif bila Golkar peringkat 1 dan selisih dihitung terhadap peringkat 2. Negatif bila Golkar bukan peringkat 1 dan selisih dihitung terhadap peringkat 1.
10,Kepulauan Riau,1,166147,15.7635,1053995,Partai Gerakan Indonesia Raya,2,164310,1837,memimpin partai peringkat 2,KPU 1050 Tahun 2024 Lampiran II,https://jdih.kpu.go.id/data/data_kepkpu/2024kpt1050_L2.pdf,total suara sah partai DPR RI di provinsi yang sama,Positif bila Golkar peringkat 1 dan selisih dihitung terhadap peringkat 2. Negatif bila Golkar bukan peringkat 1 dan selisih dihitung terhadap peringkat 1.
11,DKI Jakarta,4,684464,10.3034,6643110,Partai Keadilan Sejahtera,1,1195699,-511235,tertinggal dari partai peringkat 1,KPU 1050 Tahun 2024 Lampiran II,https://jdih.kpu.go.id/data/data_kepkpu/2024kpt1050_L2.pdf,total suara sah partai DPR RI di provinsi yang sama,Positif bila Golkar peringkat 1 dan selisih dihitung terhadap peringkat 2. Negatif bila Golkar bukan peringkat 1 dan selisih dihitung terhadap peringkat 1.
12,Jawa Barat,1,4292082,16.325,26291451,Partai Gerakan Indonesia Raya,2,4197376,94706,memimpin partai peringkat 2,KPU 1050 Tahun 2024 Lampiran II,https://jdih.kpu.go.id/data/data_kepkpu/2024kpt1050_L2.pdf,total suara sah partai DPR RI di provinsi yang sama,Positif bila Golkar peringkat 1 dan selisih dihitung terhadap peringkat 2. Negatif bila Golkar bukan peringkat 1 dan selisih dihitung terhadap peringkat 1.
13,Jawa Tengah,3,2648583,12.6454,20944956,Partai Demokrasi Indonesia Perjuangan,1,5846493,-3197910,tertinggal dari partai peringkat 1,KPU 1050 Tahun 2024 Lampiran II,https://jdih.kpu.go.id/data/data_kepkpu/2024kpt1050_L2.pdf,total suara sah partai DPR RI di provinsi yang sama,Positif bila Golkar peringkat 1 dan selisih dihitung terhadap peringkat 2. Negatif bila Golkar bukan peringkat 1 dan selisih dihitung terhadap peringkat 1.
14,DI Yogyakarta,2,302845,13.1971,2294779,Partai Demokrasi Indonesia Perjuangan,1,593969,-291124,tertinggal dari partai peringkat 1,KPU 1050 Tahun 2024 Lampiran II,https://jdih.kpu.go.id/data/data_kepkpu/2024kpt1050_L2.pdf,total suara sah partai DPR RI di provinsi yang sama,Positif bila Golkar peringkat 1 dan selisih dihitung terhadap peringkat 2. Negatif bila Golkar bukan peringkat 1 dan selisih dihitung terhadap peringkat 1.
15,Jawa Timur,4,3232091,13.728,23543816,Partai Kebangkitan Bangsa,1,4155974,-923883,tertinggal dari partai peringkat 1,KPU 1050 Tahun 2024 Lampiran II,https://jdih.kpu.go.id/data/data_kepkpu/2024kpt1050_L2.pdf,total suara sah partai DPR RI di provinsi yang sama,Positif bila Golkar peringkat 1 dan selisih dihitung terhadap peringkat 2. Negatif bila Golkar bukan peringkat 1 dan selisih dihitung terhadap peringkat 1.
16,Banten,1,931287,14.3634,6483737,Partai Demokrasi Indonesia Perjuangan,2,818889,112398,memimpin partai peringkat 2,KPU 1050 Tahun 2024 Lampiran II,https://jdih.kpu.go.id/data/data_kepkpu/2024kpt1050_L2.pdf,total suara sah partai DPR RI di provinsi yang sama,Positif bila Golkar peringkat 1 dan selisih dihitung terhadap peringkat 2. Negatif bila Golkar bukan peringkat 1 dan selisih dihitung terhadap peringkat 1.
17,Bali,2,333521,13.554,2460686,Partai Demokrasi Indonesia Perjuangan,1,1290884,-957363,tertinggal dari partai peringkat 1,KPU 1050 Tahun 2024 Lampiran II,https://jdih.kpu.go.id/data/data_kepkpu/2024kpt1050_L2.pdf,total suara sah partai DPR RI di provinsi yang sama,Positif bila Golkar peringkat 1 dan selisih dihitung terhadap peringkat 2. Negatif bila Golkar bukan peringkat 1 dan selisih dihitung terhadap peringkat 1.
18,Nusa Tenggara Barat,4,285263,9.4892,3006171,Partai Gerakan Indonesia Raya,1,434155,-148892,tertinggal dari partai peringkat 1,KPU 1050 Tahun 2024 Lampiran II,https://jdih.kpu.go.id/data/data_kepkpu/2024kpt1050_L2.pdf,total suara sah partai DPR RI di provinsi yang sama,Positif bila Golkar peringkat 1 dan selisih dihitung terhadap peringkat 2. Negatif bila Golkar bukan peringkat 1 dan selisih dihitung terhadap peringkat 1.
19,Nusa Tenggara Timur,2,378996,13.5302,2801119,Partai Demokrasi Indonesia Perjuangan,1,447442,-68446,tertinggal dari partai peringkat 1,KPU 1050 Tahun 2024 Lampiran II,https://jdih.kpu.go.id/data/data_kepkpu/2024kpt1050_L2.pdf,total suara sah partai DPR RI di provinsi yang sama,Positif bila Golkar peringkat 1 dan selisih dihitung terhadap peringkat 2. Negatif bila Golkar bukan peringkat 1 dan selisih dihitung terhadap peringkat 1.
20,Kalimantan Barat,3,409076,13.6073,3006307,Partai Demokrasi Indonesia Perjuangan,1,735610,-326534,tertinggal dari partai peringkat 1,KPU 1050 Tahun 2024 Lampiran II,https://jdih.kpu.go.id/data/data_kepkpu/2024kpt1050_L2.pdf,total suara sah partai DPR RI di provinsi yang sama,Positif bila Golkar peringkat 1 dan selisih dihitung terhadap peringkat 2. Negatif bila Golkar bukan peringkat 1 dan selisih dihitung terhadap peringkat 1.
21,Kalimantan Tengah,2,193871,14.3118,1354625,Partai Demokrasi Indonesia Perjuangan,1,295749,-101878,tertinggal dari partai peringkat 1,KPU 1050 Tahun 2024 Lampiran II,https://jdih.kpu.go.id/data/data_kepkpu/2024kpt1050_L2.pdf,total suara sah partai DPR RI di provinsi yang sama,Positif bila Golkar peringkat 1 dan selisih dihitung terhadap peringkat 2. Negatif bila Golkar bukan peringkat 1 dan selisih dihitung terhadap peringkat 1.
22,Kalimantan Selatan,1,501255,22.4797,2229816,Partai Amanat Nasional,2,372607,128648,memimpin partai peringkat 2,KPU 1050 Tahun 2024 Lampiran II,https://jdih.kpu.go.id/data/data_kepkpu/2024kpt1050_L2.pdf,total suara sah partai DPR RI di provinsi yang sama,Positif bila Golkar peringkat 1 dan selisih dihitung terhadap peringkat 2. Negatif bila Golkar bukan peringkat 1 dan selisih dihitung terhadap peringkat 1.
23,Kalimantan Timur,1,538115,26.7184,2014025,Partai Gerakan Indonesia Raya,2,307260,230855,memimpin partai peringkat 2,KPU 1050 Tahun 2024 Lampiran II,https://jdih.kpu.go.id/data/data_kepkpu/2024kpt1050_L2.pdf,total suara sah partai DPR RI di provinsi yang sama,Positif bila Golkar peringkat 1 dan selisih dihitung terhadap peringkat 2. Negatif bila Golkar bukan peringkat 1 dan selisih dihitung terhadap peringkat 1.
24,Kalimantan Utara,5,24992,6.5862,379458,Partai Gerakan Indonesia Raya,1,126507,-101515,tertinggal dari partai peringkat 1,KPU 1050 Tahun 2024 Lampiran II,https://jdih.kpu.go.id/data/data_kepkpu/2024kpt1050_L2.pdf,total suara sah partai DPR RI di provinsi yang sama,Positif bila Golkar peringkat 1 dan selisih dihitung terhadap peringkat 2. Negatif bila Golkar bukan peringkat 1 dan selisih dihitung terhadap peringkat 1.
25,Sulawesi Utara,3,203548,13.2732,1533523,Partai Demokrasi Indonesia Perjuangan,1,511270,-307722,tertinggal dari partai peringkat 1,KPU 1050 Tahun 2024 Lampiran II,https://jdih.kpu.go.id/data/data_kepkpu/2024kpt1050_L2.pdf,total suara sah partai DPR RI di provinsi yang sama,Positif bila Golkar peringkat 1 dan selisih dihitung terhadap peringkat 2. Negatif bila Golkar bukan peringkat 1 dan selisih dihitung terhadap peringkat 1.
26,Sulawesi Tengah,1,330971,19.2611,1718343,Partai NasDem,2,256799,74172,memimpin partai peringkat 2,KPU 1050 Tahun 2024 Lampiran II,https://jdih.kpu.go.id/data/data_kepkpu/2024kpt1050_L2.pdf,total suara sah partai DPR RI di provinsi yang sama,Positif bila Golkar peringkat 1 dan selisih dihitung terhadap peringkat 2. Negatif bila Golkar bukan peringkat 1 dan selisih dihitung terhadap peringkat 1.
27,Sulawesi Selatan,3,814225,16.0235,5081429,Partai Gerakan Indonesia Raya,1,960959,-146734,tertinggal dari partai peringkat 1,KPU 1050 Tahun 2024 Lampiran II,https://jdih.kpu.go.id/data/data_kepkpu/2024kpt1050_L2.pdf,total suara sah partai DPR RI di provinsi yang sama,Positif bila Golkar peringkat 1 dan selisih dihitung terhadap peringkat 2. Negatif bila Golkar bukan peringkat 1 dan selisih dihitung terhadap peringkat 1.
28,Sulawesi Tenggara,5,149788,10.2712,1458333,Partai Gerakan Indonesia Raya,1,233478,-83690,tertinggal dari partai peringkat 1,KPU 1050 Tahun 2024 Lampiran II,https://jdih.kpu.go.id/data/data_kepkpu/2024kpt1050_L2.pdf,total suara sah partai DPR RI di provinsi yang sama,Positif bila Golkar peringkat 1 dan selisih dihitung terhadap peringkat 2. Negatif bila Golkar bukan peringkat 1 dan selisih dihitung terhadap peringkat 1.
29,Gorontalo,2,163074,21.9841,741783,Partai NasDem,1,227533,-64459,tertinggal dari partai peringkat 1,KPU 1050 Tahun 2024 Lampiran II,https://jdih.kpu.go.id/data/data_kepkpu/2024kpt1050_L2.pdf,total suara sah partai DPR RI di provinsi yang sama,Positif bila Golkar peringkat 1 dan selisih dihitung terhadap peringkat 2. Negatif bila Golkar bukan peringkat 1 dan selisih dihitung terhadap peringkat 1.
30,Sulawesi Barat,5,99793,12.7085,785247,Partai NasDem,1,142496,-42703,tertinggal dari partai peringkat 1,KPU 1050 Tahun 2024 Lampiran II,https://jdih.kpu.go.id/data/data_kepkpu/2024kpt1050_L2.pdf,total suara sah partai DPR RI di provinsi yang sama,Positif bila Golkar peringkat 1 dan selisih dihitung terhadap peringkat 2. Negatif bila Golkar bukan peringkat 1 dan selisih dihitung terhadap peringkat 1.
31,Maluku,6,87508,8.4129,1040166,Partai Amanat Nasional,1,178770,-91262,tertinggal dari partai peringkat 1,KPU 1050 Tahun 2024 Lampiran II,https://jdih.kpu.go.id/data/data_kepkpu/2024kpt1050_L2.pdf,total suara sah partai DPR RI di provinsi yang sama,Positif bila Golkar peringkat 1 dan selisih dihitung terhadap peringkat 2. Negatif bila Golkar bukan peringkat 1 dan selisih dihitung terhadap peringkat 1.
32,Maluku Utara,2,128475,18.3719,699302,Partai Demokrasi Indonesia Perjuangan,1,146937,-18462,tertinggal dari partai peringkat 1,KPU 1050 Tahun 2024 Lampiran II,https://jdih.kpu.go.id/data/data_kepkpu/2024kpt1050_L2.pdf,total suara sah partai DPR RI di provinsi yang sama,Positif bila Golkar peringkat 1 dan selisih dihitung terhadap peringkat 2. Negatif bila Golkar bukan peringkat 1 dan selisih dihitung terhadap peringkat 1.
33,Papua,4,71845,10.9034,658922,Partai Demokrasi Indonesia Perjuangan,1,154548,-82703,tertinggal dari partai peringkat 1,KPU 1050 Tahun 2024 Lampiran II,https://jdih.kpu.go.id/data/data_kepkpu/2024kpt1050_L2.pdf,total suara sah partai DPR RI di provinsi yang sama,Positif bila Golkar peringkat 1 dan selisih dihitung terhadap peringkat 2. Negatif bila Golkar bukan peringkat 1 dan selisih dihitung terhadap peringkat 1.
34,Papua Barat,1,95883,29.864,321066,Partai NasDem,2,52964,42919,memimpin partai peringkat 2,KPU 1050 Tahun 2024 Lampiran II,https://jdih.kpu.go.id/data/data_kepkpu/2024kpt1050_L2.pdf,total suara sah partai DPR RI di provinsi yang sama,Positif bila Golkar peringkat 1 dan selisih dihitung terhadap peringkat 2. Negatif bila Golkar bukan peringkat 1 dan selisih dihitung terhadap peringkat 1.
35,Papua Selatan,5,30449,10.0364,303385,Partai Demokrasi Indonesia Perjuangan,1,54416,-23967,tertinggal dari partai peringkat 1,KPU 1050 Tahun 2024 Lampiran II,https://jdih.kpu.go.id/data/data_kepkpu/2024kpt1050_L2.pdf,total suara sah partai DPR RI di provinsi yang sama,Positif bila Golkar peringkat 1 dan selisih dihitung terhadap peringkat 2. Negatif bila Golkar bukan peringkat 1 dan selisih dihitung terhadap peringkat 1.
36,Papua Tengah,2,256718,22.7853,1126683,Partai Demokrasi Indonesia Perjuangan,1,289738,-33020,tertinggal dari partai peringkat 1,KPU 1050 Tahun 2024 Lampiran II,https://jdih.kpu.go.id/data/data_kepkpu/2024kpt1050_L2.pdf,total suara sah partai DPR RI di provinsi yang sama,Positif bila Golkar peringkat 1 dan selisih dihitung terhadap peringkat 2. Negatif bila Golkar bukan peringkat 1 dan selisih dihitung terhadap peringkat 1.
37,Papua Pegunungan,9,9866,0.7552,1306436,Partai NasDem,1,482364,-472498,tertinggal dari partai peringkat 1,KPU 1050 Tahun 2024 Lampiran II,https://jdih.kpu.go.id/data/data_kepkpu/2024kpt1050_L2.pdf,total suara sah partai DPR RI di provinsi yang sama,Positif bila Golkar peringkat 1 dan selisih dihitung terhadap peringkat 2. Negatif bila Golkar bukan peringkat 1 dan selisih dihitung terhadap peringkat 1.
38,Papua Barat Daya,1,102786,30.2287,340028,Partai Demokrat,2,44618,58168,memimpin partai peringkat 2,KPU 1050 Tahun 2024 Lampiran II,https://jdih.kpu.go.id/data/data_kepkpu/2024kpt1050_L2.pdf,total suara sah partai DPR RI di provinsi yang sama,Positif bila Golkar peringkat 1 dan selisih dihitung terhadap peringkat 2. Negatif bila Golkar bukan peringkat 1 dan selisih dihitung terhadap peringkat 1.
